text_embedding_idx,xlsx_row_idx,is_formal_littleprince,text
0,2,False,请孩子们原谅我把这本书献给了一个大人。
1,3,False,我有一个很认真的理由：
2,4,False,这个大人是我在世界上最好的朋友。
3,5,False,我还有另外一个理由：
4,6,False,这个大人什么都能懂，
5,7,False,即使是给孩子看的书他也懂。
6,8,False,我的第三个理由是：
7,9,False,这个大人生活在法国，
8,10,False,正在挨饿受冻。
9,11,False,他很需要得到安慰。
10,12,False,倘若所有这些理由加在一起还不够，
11,13,False,那我愿意把这本书献给还是孩子时的这个大人。
12,14,False,所有的大人起先都是孩子（可
13,15,False,是他们中间不大有人记得这一点）。
14,16,False,因此我把题献改为：
15,17,False,献给还是小男孩的莱翁·维尔特
16,18,True,1
17,19,True,我六岁那年，
18,20,True,在一本描写原始森林的名叫《真实的故事》的书上，
19,21,True,看见过一幅精彩的插图，
20,22,True,画的是一条蟒蛇在吞吃一头猛兽。
21,23,True,我现在把它照样画在上面。
22,24,True,书中写道：
23,25,True,“蟒蛇把猎物囫囵吞下，
24,26,True,嚼都不嚼。
25,27,True,然后它就无法动弹，
26,28,True,躺上六个月来消化它们。”
27,29,True,当时，
28,30,True,我对丛林里的奇妙景象想得很多，
29,31,True,于是我也用彩色铅笔画了我的第一幅画：
30,32,True,我的作品一号。
31,33,True,它就像这样：
32,34,True,我把这幅杰作给大人看，
33,35,True,问他们我的图画吓不吓人。
34,36,True,他们回答说：
35,37,True,“一顶帽子怎么会吓人呢？”
36,38,True,我画的不是一顶帽子。
37,39,True,我画的是一条蟒蛇在消化大象。
38,40,True,于是我把蟒蛇肚子的内部画出来，
39,41,True,好让这些大人看得明白。
40,42,True,他们老是要人给他们解释。
41,43,True,我的作品二号是这样的：
42,44,True,那些大人劝我别再画蟒蛇，
43,45,True,甭管它是剖开的，
44,46,True,还是没剖开的，
45,47,True,全都丢开。
46,48,True,他们说，
47,49,True,我还是把心思放在地理、历史、算术和语法上好。
48,50,True,就这样，
49,51,True,我才六岁，
50,52,True,就放弃了辉煌的画家生涯。
51,53,True,作品一号和作品二号都没成功，
52,54,True,我泄了气。
53,55,True,那些大人自个儿什么也弄不懂，
54,56,True,老要孩子们一遍一遍给他们解释，
55,57,True,真烦人。
56,58,True,我只好另外选择一个职业，
57,59,True,学会了开飞机。
58,60,True,世界各地我差不多都飞过。
59,61,True,的确，
60,62,True,地理学对我非常有用。
61,63,True,我一眼就能认出哪是中国，
62,64,True,哪是亚利桑那。
63,65,True,要是夜里迷了路，
64,66,True,这很有用。
65,67,True,就这样，
66,68,True,我这一生中，
67,69,True,跟好多严肃的人打过好多交道。
68,70,True,我在那些大人中间生活过很长时间。
69,71,True,我仔细地观察过他们。
70,72,True,观察下来印象并没好多少。
71,73,True,要是碰上一个人，
72,74,True,看上去头脑稍许清楚些，
73,75,True,我就拿出一直保存着的作品一号，
74,76,True,让他试试看。
75,77,True,我想知道，
76,78,True,他是不是真的能看懂。
77,79,True,可是人家总是回答我：
78,80,True,“这是一顶帽子。”
79,81,True,这时候，
80,82,True,我就不跟他说什么蟒蛇啊，
81,83,True,原始森林啊，
82,84,True,星星啊，
83,85,True,都不说了。
84,86,True,我就说些他能懂的事情。
85,87,True,我跟他说桥，
86,88,True,高尔夫，
87,89,True,政治，
88,90,True,还有领带。
89,91,True,于是大人觉得很高兴，
90,92,True,认识了这么个通情达理的人。
91,93,True,2
92,94,True,我孤独地生活着，
93,95,True,没有一个真正谈得来的人，
94,96,True,直到六年前，
95,97,True,有一次飞机出了故障，
96,98,True,降落在撒哈拉大沙漠。
97,99,True,发动机里有样什么东西碎掉了。
98,100,True,因为我身边既没有机械师，
99,101,True,也没有乘客，
100,102,True,我就打算单枪匹马来完成一项困难的修复工作。
101,103,True,这在我是个生死攸关的问题。
102,104,True,我带的水只够喝一星期了。
103,105,True,第一天晚上，
104,106,True,我睡在这片远离人烟的大沙漠上，
105,107,True,比靠一块船板在大海中漂流的遇难者还孤独。
106,108,True,所以，
107,109,True,当天蒙蒙亮，
108,110,True,有个奇怪的声音轻轻把我喊醒的时候，
109,111,True,你们可以想象我有多么惊讶。
110,112,True,这个声音说：
111,113,True,“对不起……
112,114,True,请给我画只绵羊！”
113,115,True,“嗯！”
114,116,True,“请给我画只绵羊……”
115,117,True,我像遭了雷击似的，
116,118,True,猛地一下子跳了起来。
117,119,True,我使劲地揉了揉眼睛，
118,120,True,仔细地看了看。
119,121,True,只见一个从没见过的小人儿，
120,122,True,正一本正经地看着我呢。
121,123,True,后来我给他画了一幅非常出色的肖像，
122,124,True,就是旁边的这幅。
123,125,True,不过我的画，
124,126,True,当然远远不及本人可爱。
125,127,True,这不是我的错。
126,128,True,我的画家生涯在六岁那年就让大人给断送了，
127,129,True,除了画剖开和不剖开的蟒蛇，
128,130,True,后来再没画过什么。
129,131,True,我吃惊地瞪大眼睛瞧着他。
130,132,True,你们别忘记，
131,133,True,这儿离有人住的地方好远好远呢。
132,134,True,可是这个小人儿，
133,135,True,看上去并不像迷了路，
134,136,True,也不像累得要命、饿得要命、渴得要命或怕得要命。
135,137,True,他一点不像在远离人类
136,138,True,居住的沙漠里迷路的孩子。
137,139,True,等我总算说得出话时，
138,140,True,我对他说：
139,141,True,“可是……
140,142,True,你在这儿干吗？”
141,143,True,他轻声轻气地又说了一遍，
142,144,True,好像那是件很要紧的事情：
143,145,True,后来我给他画了这幅非常出色的肖像“对不起……
144,146,True,请给我画一只绵羊……”
145,147,True,受到神秘事物强烈冲击时，
146,148,True,一个人是不敢不听从的。
147,149,True,尽管在我看来，
148,150,True,离一切有人居住的地方远而又远，
149,151,True,又处于死亡的威胁之下，
150,152,True,在这儿想到画画真是匪夷所思，
151,153,True,可我还是从口袋里掏出一张纸、一支钢笔。
152,154,True,但我想起我只学了地理、历史、算术和语法，
153,155,True,所以我就（有点没好气地）对那小人儿说，
154,156,True,我不会画画。
155,157,True,他回答说：
156,158,True,“没关系。
157,159,True,请给我画一只绵羊。”
158,160,True,我因为从没画过绵羊，
159,161,True,就在我只会画的两张图画里挑一张给他画了：
160,162,True,没剖开的蟒蛇图。
161,163,True,可我听到小人儿下面说的话，
162,164,True,简直惊呆了：
163,165,True,“不对！不对！
164,166,True,我不要在蟒蛇肚子里的大象。
165,167,True,蟒蛇很危险，大象呢，
166,168,True,太占地方。在我那儿，
167,169,True,什么都是小小的。
168,170,True,我要的是一只绵羊。
169,171,True,请给我画一只绵羊。”
170,172,True,我只得画了起来。
171,173,True,他专心地看了一会儿，
172,174,True,然后说：
173,175,True,“不对！
174,176,True,这只羊已经病得不轻了。
175,177,True,另外画一只吧。”
176,178,True,我画了右面的这只。
177,179,True,我的朋友温和地笑了，
178,180,True,口气宽容地说：
179,181,True,“你看看……
180,182,True,这只不是绵羊，
181,183,True,是山羊。
182,184,True,头上长着角……”
183,185,True,于是我又画了一张。
184,186,True,但这一张也跟前几张一样，
185,187,True,没能通过：
186,188,True,“这只太老了。
187,189,True,我要一只可以活得很久的绵羊。”
188,190,True,我已经没有耐心了，
189,191,True,因为我急于要去把发动机拆下来，
190,192,True,所以我就胡乱画了一张。
191,193,True,我随口说道：
192,194,True,“这个呢，是个箱子。
193,195,True,你要的绵羊就在里面。”
194,196,True,但是令我吃惊的是，
195,197,True,这个小评判的脸上顿时变得容光焕发了：
196,198,True,“我要的就是这个！
197,199,True,你说，
198,200,True,这只绵羊会要很多草吗？”
199,201,True,“问这干嘛？”
200,202,True,“因为我那儿样样都很小……”
201,203,True,“肯定够了。
202,204,True,我给你的是只很小的绵羊。”
203,205,True,他低下头去看那幅画：
204,206,True,“不算太小……瞧！
205,207,True,它睡着了……”
206,208,True,就这样，
207,209,True,我认识了小王子。
208,210,True,3
209,211,True,很久以后，
210,212,True,我才弄明白他是从哪儿来的。
211,213,True,这个小王子，
212,214,True,对我提了好多问题，
213,215,True,而对我的问题总像没听见似的。
214,216,True,我是从他偶尔漏出来的那些话里，
215,217,True,一点一点知道这一切的。
216,218,True,比如，
217,219,True,他第一次瞧见我的飞机时（我没画我的飞机，
218,220,True,对我来说，
219,221,True,这样的画实在太复杂了），
220,222,True,就问我：
221,223,True,“这是什么东西？”
222,224,True,“这不是什么东西，
223,225,True,它会飞。
224,226,True,这是一架飞机，
225,227,True,是我的飞机。”
226,228,True,我自豪地讲给他听，
227,229,True,我在天上飞。
228,230,True,他听了就大声说：
229,231,True,“怎么！
230,232,True,你是天上掉下来的？”
231,233,True,“是的，”
232,234,True,我谦虚地说。
233,235,True,“喔！真有趣……”
234,236,True,小王子发出一阵清脆的笑声，
235,237,True,这下可把我惹恼了。
236,238,True,我不喜欢别人拿我的不幸逗趣儿。
237,239,True,接着他又说：
238,240,True,“这么说，
239,241,True,你也是从天上来的！
240,242,True,你从哪个星球来？”
241,243,True,我脑子里闪过一个念头，
242,244,True,他的降临之谜好像有了线索，
243,245,True,我突如其来地发问：
244,246,True,“那你是从别的星球来的啰？”
245,247,True,可是他没有回答。
246,248,True,他看着我的飞机，
247,249,True,轻轻地点了点头：
248,250,True,“是啊，就靠它，
249,251,True,你来的地方不会太远……”
250,252,True,说着，
251,253,True,他出神地遐想了很久。
252,254,True,而后，
253,255,True,从袋里拿出我画的绵羊，
254,256,True,全神贯注地凝望着这宝贝。
255,257,True,你想想看，
256,258,True,这个跟“别的星球”
257,259,True,有关，
258,260,True,说了一半打住的话头，
259,261,True,会让我多么惊讶啊。
260,262,True,我竭力想多知道一些：
261,263,True,“你从哪儿来，
262,264,True,我的小家伙？
263,265,True,‘我那儿’是哪儿？
264,266,True,你要把我画的绵羊带到哪儿去？”
265,267,True,他若有所思地沉默了一会儿，
266,268,True,然后开口对我说：
267,269,True,“你给了我这个箱子，
268,270,True,这就好了，
269,271,True,晚上可以给它当屋子。”
270,272,True,“当然。要是你乖，
271,273,True,我还会给你一根绳子，
272,274,True,白天可以把它拴住。
273,275,True,木桩也有。”
274,276,True,这个提议好像使小王子很不以为然：
275,277,True,“拴住？真是怪念头！”
276,278,True,“可要是你不把它拴住，
277,279,True,它就会到处跑，
278,280,True,还会跑丢了……”
279,281,True,小王子在B612小行星上
280,282,True,我的朋友又咯咯地笑了起来：
281,283,True,“你叫它往哪儿跑呀？”
282,284,True,“到处跑。
283,285,True,笔直往前……”
284,286,True,这时，
285,287,True,小王子一本正经地说：
286,288,True,“那也没关系，
287,289,True,我那儿就一丁点儿大！”
288,290,True,然后，
289,291,True,他又说了一句，
290,292,True,语气中仿佛有点儿忧郁：
291,293,True,“就是笔直往前跑，
292,294,True,也跑不了多远……”
293,295,True,4
294,296,True,我由此知道了另一件很重要的事情：
295,297,True,他居住的星球比一座房子大不了多少！
296,298,True,这并没让我感到很吃惊。
297,299,True,我知道，
298,300,True,除了像地球、木星、火
299,301,True,星、金星这些取了名字的大星球，
300,302,True,还有成千上万的星球，
301,303,True,它们有时候非常非常小，
302,304,True,用望远镜都不大看得见。
303,305,True,天文学家找到其中的一个星球，
304,306,True,给它编一个号码就算名字了。
305,307,True,比如说，
306,308,True,他把它叫作“3251号小行星”。
307,309,True,我有很可靠的理由，
308,310,True,足以相信小王子原先住的那个星球，
309,311,True,就是B612号小行星。
310,312,True,这颗小行星只在一九〇九
311,313,True,年被人用望远镜望见过一次，
312,314,True,那人是一个土耳其天文学家。
313,315,True,当时，
314,316,True,他在一次国际天文学大会上作了长篇论证。
315,317,True,可是就为了他的服装的缘故，
316,318,True,谁也不信他的话。
317,319,True,大人哪，
318,320,True,就是这样。
319,321,True,幸好，
320,322,True,有一个土耳其独裁者下令，
321,323,True,全国百姓都要穿欧洲的服装，
322,324,True,违令者处死，
323,325,True,这一下B612号小行星的名声总算保全了。
324,326,True,那个天文学家在一九二〇年重新作报告，
325,327,True,穿着一套非常体面的西装。
326,328,True,这一回所有的人都同意了他的观点。
327,329,True,我之所以要跟你们一五一
328,330,True,十地介绍B612号小行星，
329,331,True,还把它的编号也讲得明明白白，
330,332,True,完全是为了大人。
331,333,True,那些大人就喜欢数字。
332,334,True,你跟他们讲起一个新朋友，
333,335,True,他们总爱问些无关紧要的问题。
334,336,True,他们不会问你：
335,337,True,“他说话的声音是怎样的？
336,338,True,他喜欢玩哪些游戏？
337,339,True,他是不是收集蝴蝶标本？”
338,340,True,他们问的是：
339,341,True,“他几岁？
340,342,True,有几个兄弟？
341,343,True,他有多重？
342,344,True,他父亲挣多少钱？”
343,345,True,这样问过以后，
344,346,True,他们就以为了解他了。
345,347,True,你要是对大人说：
346,348,True,“我看见一幢漂亮的房子，
347,349,True,红砖墙，
348,350,True,窗前种着天竺葵，
349,351,True,屋顶上停着鸽子……”
350,352,True,他们想象不出这幢房子是怎样的。
351,353,True,你得这么跟他们说：
352,354,True,“我看见一幢十万法郎的房子。”
353,355,True,他们马上会大声嚷嚷：
354,356,True,“多漂亮的房子！”
355,357,True,所以，
356,358,True,如果你对他们说：
357,359,True,“小王子是存在的，
358,360,True,证据就是他那么可爱，
359,361,True,他咯咯地笑，
360,362,True,他还想要一只绵羊。
361,363,True,一个人想要有只绵羊，
362,364,True,这就是他存在的证据嘛”，
363,365,True,他们会耸耸肩膀，
364,366,True,只当你还是个孩子！
365,367,True,可要是你对他们说：
366,368,True,“他来自B612号小行星”，
367,369,True,他们就会深信不疑，
368,370,True,不再问这问那地烦你了。
369,371,True,他们就是这样。
370,372,True,不必怪他们。
371,373,True,孩子应该对大人多多原谅才是。
372,374,True,不过，
373,375,True,当然，
374,376,True,我们懂得生活，
375,377,True,我们才不把数字放在眼里呢！
376,378,True,我真愿意像讲童话那样来开始讲这个故事。
377,379,True,我真想这样说：
378,380,True,“从前呀，
379,381,True,有一个小王子，
380,382,True,住在一个跟他身体差不多大的星球上，
381,383,True,他想有个朋友……”
382,384,True,对那些懂得生活的人来说，
383,385,True,这样听上去会真实得多。
384,386,True,我不想人家轻率地来读我这本书。
385,387,True,我讲述这段往事时，
386,388,True,心情是很难过的。
387,389,True,我的朋友带着他的绵羊已经离去六年了。
388,390,True,我之所以在这儿细细地描述他，
389,391,True,就是为了不要忘记他。
390,392,True,忘记朋友是件令人伤心的事情。
391,393,True,并不是人人都有过一个朋友的。
392,394,True,再说，
393,395,True,我早晚也会变得像那些
394,396,True,只关心数字的大人一样的。
395,397,True,也正是为了这个缘故，
396,398,True,我买了一盒颜料和一些铅笔。
397,399,True,到了我这年纪再重握画笔，
398,400,True,是挺费劲的，
399,401,True,况且当初我只画过剖开和没剖开的蟒蛇，
400,402,True,还是六岁那年！
401,403,True,当然，
402,404,True,我一定要尽力把它们画得像一些。
403,405,True,但做不做得到，
404,406,True,我可说不准。
405,407,True,有时这一张还行，
406,408,True,那一张就不大像了。
407,409,True,比如说，
408,410,True,身材我就有点记不准确了。
409,411,True,这一张里小王子画得太高了。
410,412,True,那一张呢太矮了。
411,413,True,衣服的颜色也挺让我犯难。
412,414,True,我只好信手拿起色笔这儿试一下，
413,415,True,那儿试一下。
414,416,True,到头来，
415,417,True,有些最要紧的细部，
416,418,True,说不定都弄错了。
417,419,True,不过这一切，
418,420,True,大家都得原谅我才是。
419,421,True,我的朋友从来不跟我解释什么。
420,422,True,他大概以为我是跟他一样的。
421,423,True,可是，
422,424,True,很遗憾，
423,425,True,我已经瞧不见箱子里面的绵羊了。
424,426,True,我也许已经有点像那些大人了。
425,427,True,我一定是老了。
426,428,True,5
427,429,True,每天我都会知道一些情况，
428,430,True,或者是关于他的星球，
429,431,True,或者是关于他怎么离开那儿、怎么来到这儿。
430,432,True,这些情况，
431,433,True,都是一点一点，
432,434,True,碰巧知道的。
433,435,True,比如说，
434,436,True,在第三天，
435,437,True,我知道了猴面包树的悲剧。
436,438,True,这一回，
437,439,True,起因又是那只绵羊，
438,440,True,因为小王子突然向我发问，
439,441,True,好像忧心忡忡似的：
440,442,True,“绵羊当真吃灌木吗？”
441,443,True,“对。当真。”
442,444,True,“啊！我真高兴。”
443,445,True,我不明白，
444,446,True,绵羊吃灌木，
445,447,True,为什么会这么重要。
446,448,True,小王子接着又说：
447,449,True,“这么说，
448,450,True,它们也吃猴面包树喽？”
449,451,True,我告诉小王子，
450,452,True,猴面包树不是灌木，
451,453,True,而是像教堂那么高的大树，
452,454,True,他就是领一群大象来，
453,455,True,也吃不完一棵猴面包树呢。
454,456,True,领一群大象来的想法，
455,457,True,惹得小王子笑了起来：
456,458,True,“那得让它们叠罗汉了……”
457,459,True,不过他很聪明，
458,460,True,接着又说：
459,461,True,“猴面包树在长高以前，
460,462,True,起初也是小小的。”
461,463,True,“一点不错。
462,464,True,可你为什么想让绵羊去吃小猴面包树呢？”
463,465,True,他回答说：
464,466,True,“咦！这还不明白吗！”
465,467,True,就像这是件不言而喻的事情。
466,468,True,可是我自己要弄懂这个问题，
467,469,True,还着实得动一番脑筋哩。
468,470,True,原来，
469,471,True,在小王子的星球上，
470,472,True,就像在别的星球上一样，
471,473,True,有好的植物，
472,474,True,也有不好的植物。
473,475,True,结果呢，
474,476,True,好植物有好种子，
475,477,True,坏植物有坏种子。
476,478,True,而种子是看不见的。
477,479,True,它们悄悄地睡在地底下，
478,480,True,直到有一天，
479,481,True,其中有一颗忽然想起要醒了……
480,482,True,于是它舒展身子，
481,483,True,最先羞答答地朝太阳伸出一枝天真可爱的嫩苗。
482,484,True,假如那是萝卜或玫瑰的幼苗，
483,485,True,可以让它爱怎么长就怎么长。
484,486,True,不过，
485,487,True,假如那是一株不好的植物，
486,488,True,一认出就得拔掉它。
487,489,True,在小王子的星球上有一种可怕的种子……
488,490,True,就是猴面包树的种子。
489,491,True,星球的土壤里有好多猴面包树种子。
490,492,True,而猴面包树长得很快，
491,493,True,动手稍稍一慢，
492,494,True,就甭想再除掉它了。
493,495,True,它会占满整个星球，
494,496,True,根枝钻来钻去，
495,497,True,四处蔓延。
496,498,True,要是这颗星球太小，
497,499,True,而猴面包树又太多，
498,500,True,它们就会把星球撑裂。
499,501,True,猴面包树“这就得有个严格的约束了，”
500,502,True,小王子后来告诉我说。
501,503,True,“你早晨梳洗好以后，
502,504,True,就该仔仔细细地给星球梳洗了。
503,505,True,猴面包树小的时候，
504,506,True,跟玫瑰幼苗是很像的，
505,507,True,那你就得给自己立个规矩，
506,508,True,只要分清了哪是玫瑰，
507,509,True,哪是猴面包树，
508,510,True,就马上把猴面包树拔掉。
509,511,True,这个工作很单调，
510,512,True,但并不难。”
511,513,True,有一天，
512,514,True,他劝我好好画一幅画，
513,515,True,好让我那儿的孩子们都知道这回事。
514,516,True,“要是他们有一天出门旅行，”
515,517,True,他对我说，
516,518,True,“说不定会用得着。
517,519,True,有时候，
518,520,True,你把一件该做的事耽搁一下，
519,521,True,也没什么关系。可是，
520,522,True,碰到猴面包树，
521,523,True,这就要捅大娄子了。
522,524,True,我知道有一个星球，
523,525,True,上面住着一个懒人。
524,526,True,有三株幼苗他没在意……”
525,527,True,在小王子的指点下，
526,528,True,我画好了那颗星球。
527,529,True,我一向不愿意摆出说教的架势。
528,530,True,可是对猴面包树的危害，
529,531,True,一般人都不了解，
530,532,True,要是有人碰巧迷了路停在一颗小行星上，
531,533,True,情况就会变得极其严峻。
532,534,True,所以这一次，
533,535,True,我破例抛开了矜持。
534,536,True,我说：
535,537,True,“孩子们！
536,538,True,当心猴面包树啊！”
537,539,True,这幅画我画得格外卖力，
538,540,True,就是为了提醒朋友们有这么一种危险存在，
539,541,True,他们也像我一样，
540,542,True,对在身边潜伏了很久的危险一直毫无觉察。
541,543,True,要让大家明白这道理，
542,544,True,我多费点劲也是值得的。
543,545,True,你们也许会想：
544,546,True,“在这本书里，
545,547,True,别的画为什么都没有这幅来得奔放有力呢？”
546,548,True,回答很简单：
547,549,True,我同样努力了，
548,550,True,但没能成功。
549,551,True,画猴面包树时，
550,552,True,我内心非常焦急，
551,553,True,情绪就受到了感染。
552,554,True,6
553,555,True,哦，
554,556,True,小王子！
555,557,True,就这样，
556,558,True,我一点一点知道了你那段忧郁的生活。
557,559,True,过去很长的时间里，
558,560,True,你唯一的乐趣就是观赏夕阳沉落的温柔晚景。
559,561,True,这个新的细节，
560,562,True,我是在第四天早晨知道的。
561,563,True,当时你对我说：
562,564,True,“我喜欢看日落。
563,565,True,我们去看一回日落吧……”
564,566,True,“可是得等……”
565,567,True,“等什么？”
566,568,True,“等太阳下山呀。”
567,569,True,开始，
568,570,True,你显得很惊奇，
569,571,True,随后你自己笑了起来。
570,572,True,你对我说：
571,573,True,“我还以为在家乡呢！”
572,574,True,可不。
573,575,True,大家都知道，
574,576,True,美国的中午，
575,577,True,在法国正是黄昏。
576,578,True,要是能在一分钟内赶到法国，
577,579,True,就可以看到日落。
578,580,True,可惜法国实在太远了。
579,581,True,而在你那小小的星球上，
580,582,True,你只要把椅子挪动几步就行了。
581,583,True,那样，
582,584,True,你就随时可以看到你想看的夕阳余晖……
583,585,True,“有一天，
584,586,True,我看了四十三次日落！”
585,587,True,过了一会儿，
586,588,True,你又说：
587,589,True,“你知道……
588,590,True,一个人感到非常忧伤的时候，
589,591,True,他就喜欢看日落……”
590,592,True,“这么说，
591,593,True,看四十三次的那天，
592,594,True,你感到非常忧伤啰？”
593,595,True,但是小王子没有回答。
594,596,True,7
595,597,True,第五天，
596,598,True,还是羊的事情，
597,599,True,把小王子生活的秘密向我揭开了。
598,600,True,他好像有个问题默默地思索了很久，
599,601,True,终于得出了结论，
600,602,True,突然没头没脑地问我：
601,603,True,“绵羊既然吃灌木，
602,604,True,那它也吃花儿啰？”
603,605,True,“它碰到什么吃什么。”
604,606,True,“连有刺的花儿也吃？”
605,607,True,“对。有刺的也吃。”
606,608,True,“那么，
607,609,True,刺有什么用呢？”
608,610,True,我不知道该怎么回答。
609,611,True,当时我正忙着要从发动机
610,612,True,上卸下一颗拧得太紧的螺钉。
611,613,True,我发现故障似乎很严重，
612,614,True,饮用水也快完了。
613,615,True,我担心会发生最坏的情况，
614,616,True,心里很着急。
615,617,True,“那么，
616,618,True,刺有什么用呢？”
617,619,True,小王子只要提了一个问题，
618,620,True,就不依不饶地要得到答案。
619,621,True,而那个螺钉正弄得我很恼火，
620,622,True,我就随口回答了一句：
621,623,True,“刺呀，
622,624,True,什么用都没有，
623,625,True,纯粹是花儿想使坏呗。”
624,626,True,“喔！”
625,627,True,但他沉默了一会儿以后，
626,628,True,忿忿然地冲着我说：
627,629,True,“我不信你的话！
628,630,True,花儿是纤弱的，
629,631,True,天真的。
630,632,True,它们想尽量保护自己。
631,633,True,它们以为有了刺就会显得很厉害……”
632,634,True,我没作声。
633,635,True,我当时想：
634,636,True,“要是这颗螺钉再不松开，
635,637,True,我就一锤子敲掉它。”
636,638,True,小王子又打断了我的思路：
637,639,True,“可你，
638,640,True,你却认为花儿……”
639,641,True,“行了！行了！
640,642,True,我什么也不认为！
641,643,True,我只是随口说说。
642,644,True,我正忙着干正事呢！”
643,645,True,他惊愕地望着我。
644,646,True,“正事！”
645,647,True,他看我握着锤子，
646,648,True,手指沾满油污，
647,649,True,俯身对着一个他觉得非常丑陋的物件。
648,650,True,“你说话就像那些大人！”
649,651,True,这话使我有些难堪。
650,652,True,而他毫不留情地接着说：
651,653,True,“你什么都分不清……
652,654,True,你把什么都搅在一起！”
653,655,True,他真的气极了，
654,656,True,一头金发在风中摇曳：
655,657,True,“我到过一个星球，
656,658,True,上面住着一个红脸先生。
657,659,True,他从没闻过花香。
658,660,True,他从没望过星星。
659,661,True,他从没爱过一个人。
660,662,True,除了算账，
661,663,True,他什么事也没做过。
662,664,True,他成天像你一样说个没完：
663,665,True,‘我有正事要干！
664,666,True,我有正事要干！’
665,667,True,变得骄气十足。
666,668,True,可是这算不得一个人，
667,669,True,他是个蘑菇。”
668,670,True,“是个什么？”
669,671,True,“是个蘑菇！”
670,672,True,小王子这会儿气得脸色发白了。
671,673,True,“几百万年以前，
672,674,True,花儿就长刺了。
673,675,True,可几百万年以前，
674,676,True,羊也早就在吃花儿了。
675,677,True,刺什么用也没有，
676,678,True,那花儿为什么要费那份劲去长刺呢，
677,679,True,把这弄明白难道不是正事吗？
678,680,True,绵羊和花儿的战争难道不重要吗？
679,681,True,这难道不比那个胖子红脸先生的算账更重要，
680,682,True,更是正事吗？还有，
681,683,True,如果我认识一朵世上独一无二的花儿，
682,684,True,除了我的星球，
683,685,True,哪儿都找不到这样的花儿，
684,686,True,而有天早上，
685,687,True,一只小羊甚至都不明白自己在做什么，
686,688,True,就一口把花儿吃掉了，
687,689,True,这难道不重要吗！”
688,690,True,他的脸红了起来，
689,691,True,接着往下说：
690,692,True,“如果有个人爱上一朵花儿，
691,693,True,好几百万好几百万颗星星中间，
692,694,True,只有一颗上面长着这朵花儿，
693,695,True,那他只要望着许许多多星星，
694,696,True,就会感到很幸福。
695,697,True,他对自己说：
696,698,True,‘我的花儿就在其中的一颗星星上……
697,699,True,’
698,700,True,可要是绵羊吃掉了这朵花儿，
699,701,True,这对他来说，
700,702,True,就好像满天的星星突然一下子都熄灭了！
701,703,True,这难道不重要吗！”
702,704,True,他说不下去了，
703,705,True,突然抽抽噎噎地哭了起来。
704,706,True,夜色降临。
705,707,True,我放下手中的工具。
706,708,True,锤子呀，
707,709,True,螺钉呀，
708,710,True,口渴呀，
709,711,True,死亡呀，
710,712,True,我全都丢在了脑后。
711,713,True,在一颗星星，
712,714,True,在一颗我所在的行星，
713,715,True,在这个地球上，
714,716,True,有个小王子需要安慰！
715,717,True,我把他抱在怀里。
716,718,True,我摇着他，
717,719,True,对他说：
718,720,True,“你爱的那朵花儿不会有危险的……
719,721,True,我会给你的绵羊画一只嘴罩……
720,722,True,我会给你的花儿画一个护栏……
721,723,True,我……”
722,724,True,我不知道再说什么好了。
723,725,True,我觉得自己笨嘴笨舌的。
724,726,True,我不知道怎样去接近他，
725,727,True,打动他……
726,728,True,泪水的世界，
727,729,True,是多么神秘啊。
728,730,True,8
729,731,True,我很快就对这朵花儿有了更多的了解。
730,732,True,在小王子的星球上，
731,733,True,过去一直长着些很简单的花儿，
732,734,True,这些花儿只有一层花瓣，
733,735,True,不占地方，
734,736,True,也不妨碍任何人。
735,737,True,某个早晨她们会在草丛中绽放，
736,738,True,一到晚上又都悄悄凋谢了。
737,739,True,有一天，
738,740,True,一颗不知从哪儿来的种子发了芽，
739,741,True,长出的嫩苗跟别的幼苗都不一样。
740,742,True,小王子小心翼翼地观察着这株嫩苗，
741,743,True,它说不定是猴面包树的一枝幼芽呢。
742,744,True,但是这株嫩苗很快就不再长大，
743,745,True,渐渐含苞欲放。
744,746,True,小王子眼看着它绽出一个很大很大的花蕾，
745,747,True,心想这花蕾里一定会出现奇妙的景象，
746,748,True,可是这朵花儿待在绿色的花萼里面，
747,749,True,磨磨蹭蹭地打扮个没完。
748,750,True,她精心挑选着自己的颜色，
749,751,True,慢吞吞地穿上衣裙，
750,752,True,一片一片地理顺花瓣。
751,753,True,她不愿像虞美人那样一亮相就是满脸皱纹。
752,754,True,她要让自己美艳照人地来到世间。
753,755,True,噢！
754,756,True,对。
755,757,True,她很爱俏！
756,758,True,她那神秘的装扮，
757,759,True,就这样日复一日地延续着。
758,760,True,然后，
759,761,True,有一天早晨，
760,762,True,太阳刚升起的时候，
761,763,True,她绽放了。
762,764,True,她精心打扮了那么久，
763,765,True,这会儿却打着哈欠说：
764,766,True,“啊！我刚睡醒……
765,767,True,真对不起……
766,768,True,头发还是乱蓬蓬的……”
767,769,True,这时，
768,770,True,小王子的爱慕之情油然而生：
769,771,True,“您真美！”
770,772,True,“可不是吗，”
771,773,True,花儿柔声答道，
772,774,True,“我是跟太阳同时出生的嘛……”
773,775,True,小王子感觉到了她不太谦虚，
774,776,True,不过她实在太楚楚动人了！
775,777,True,“我想，
776,778,True,现在该是用早餐的时间了，”
777,779,True,她随即又说，
778,780,True,“麻烦您也给我……”
779,781,True,小王子很不好意思，
780,782,True,于是就打来一壶清水，
781,783,True,给这朵花儿浇水。
782,784,True,就这样，
783,785,True,她带着点多疑的虚荣心，
784,786,True,很快就把他折磨得够呛。
785,787,True,比如说，
786,788,True,有一天说起她的四根刺，
787,789,True,她对小王子说：
788,790,True,“那些老虎，
789,791,True,让它们张着爪子来好了！”
790,792,True,“我的星球上没有老虎，”
791,793,True,小王子顶了她一句，
792,794,True,“再说，
793,795,True,老虎也不吃草呀。”
794,796,True,“我不是草，”
795,797,True,花儿柔声答道。
796,798,True,“对不起……”
797,799,True,“我不怕老虎，
798,800,True,可我怕风。
799,801,True,您没有风障吗？”
800,802,True,“怕风……
801,803,True,一棵植物到了这份上，
802,804,True,那可惨了，”
803,805,True,小王子轻声说，
804,806,True,“花儿可真难伺候……”
805,807,True,“晚上您要把我罩起来。
806,808,True,您这儿很冷。
807,809,True,又没安顿好。
808,810,True,我来的那地方……”
809,811,True,可是她没说下去。
810,812,True,她来的时候是颗种子。
811,813,True,她不可能知道别的世界是怎么样的。
812,814,True,让人发现她说的谎这么不高明，
813,815,True,她又羞又恼，
814,816,True,就咳了两三声嗽，
815,817,True,想让小王子觉得理亏：
816,818,True,“风障呢？”
817,819,True,“我正要去拿，
818,820,True,可您跟我搭话了！”
819,821,True,于是她咳得更重了些，
820,822,True,不管怎么说，
821,823,True,她非让他感到内疚不可。
822,824,True,就这样，
823,825,True,小王子尽管真心真意喜欢这朵花儿，
824,826,True,可还是很快就对她起了疑心。
825,827,True,他对那些无关紧要的话太当真了，
826,828,True,结果自己很苦恼。
827,829,True,“我本来不该去听她说什么的，”
828,830,True,有一天他对我说了心里话，
829,831,True,“花儿说的话，
830,832,True,是听不得的。
831,833,True,花儿是让人看，
832,834,True,让人闻的。
833,835,True,这朵花儿让我的星球芳香四溢，
834,836,True,我却不会享受这快乐。
835,837,True,老虎爪子那些话，
836,838,True,惹得我那么生气，
837,839,True,其实我该同情她才是……”
838,840,True,他还对我说：
839,841,True,“我当时什么也不懂！
840,842,True,看她这个人，
841,843,True,应该看她做什么，
842,844,True,而不是听她说什么。
843,845,True,她给了我芳香，
844,846,True,给了我光彩。
845,847,True,我真不该逃走！
846,848,True,我本该猜到她那小小花招背后的一片柔情。
847,849,True,花儿总是这么表里不一！
848,850,True,可惜当时我太年轻，
849,851,True,还不懂得怎么去爱她。”
850,852,True,9
851,853,True,我想他是趁一群野鸟迁徙的机会出走的。
852,854,True,动身的那天早晨，
853,855,True,他把星球收拾得井井有条。
854,856,True,他仔细地疏通了活火山。
855,857,True,星球上有两座活火山，
856,858,True,热早餐很方便。
857,859,True,还有一座死火山。
858,860,True,不过，
859,861,True,正像他所说的：
860,862,True,“谁说得准呢！”
861,863,True,所以这座死火山也照样要疏通。
862,864,True,火山疏通过了，
863,865,True,就会缓缓地、均匀地燃烧，
864,866,True,不会喷发。
865,867,True,火山喷发跟烟囱冒火是一样的。
866,868,True,当然，
867,869,True,在地球上，
868,870,True,我们实在太小了，
869,871,True,没法去疏通火山。
870,872,True,它们造成那么多麻烦，
871,873,True,就是由于这个缘故。
872,874,True,小王子还拔掉了刚长出来的几株猴面包树幼苗。
873,875,True,他心情有点忧郁，
874,876,True,心想这一走就再也回不来了。
875,877,True,所有这些习惯的活儿，
876,878,True,这天早上都显得格外亲切。
877,879,True,而当他最后一次给花儿浇水，
878,880,True,准备给它盖上罩子的时候，
879,881,True,他只觉得想哭。
880,882,True,“再见啦，”
881,883,True,他对花儿说。
882,884,True,可是她没有回答。
883,885,True,“再见啦，”
884,886,True,他又说了一遍。
885,887,True,花儿咳嗽起来。
886,888,True,但不是由于感冒。
887,889,True,“我以前太傻了，”
888,890,True,她终于开口了，
889,891,True,“请你原谅我。
890,892,True,但愿你能幸福。”
891,893,True,他感到吃惊的是，
892,894,True,居然没有一声责备。
893,895,True,他举着罩子，
894,896,True,茫然不知所措地站在那儿。
895,897,True,他不懂这般恬淡的柔情。
896,898,True,“是的，我爱你，”
897,899,True,花儿对他说，
898,900,True,“但由于我的过错，
899,901,True,你一点儿也没领会。
900,902,True,这没什么要紧。
901,903,True,不过你也和我一样傻。
902,904,True,但愿你能幸福……
903,905,True,把这罩子放在一边吧，
904,906,True,我用不着它了。”
905,907,True,“可是风……”
906,908,True,“我并不是那么容易感冒的……
907,909,True,夜晚的新鲜空气对我有好处。
908,910,True,我是一朵花儿。”
909,911,True,“可是那些虫子和野兽……”
910,912,True,“我既然想认识蝴蝶，
911,913,True,就应该受得了两三条毛虫。
912,914,True,我觉得这样挺好。
913,915,True,要不然有谁来看我呢？
914,916,True,你，
915,917,True,你到时候已经走得远远的了。
916,918,True,至于野兽，
917,919,True,我根本不怕。
918,920,True,我也有爪子。”
919,921,True,说着，
920,922,True,她天真地让他看那四根刺。
921,923,True,随后她又说：
922,924,True,“别磨磨蹭蹭的，
923,925,True,让人心烦。
924,926,True,你已经决定要走了。
925,927,True,那就走吧。”
926,928,True,因为她不愿意让他看见自己流泪。
927,929,True,她是一朵如此骄傲的花儿……
928,930,True,10
929,931,True,这颗星球附近，
930,932,True,还有325号、326号、327
931,933,True,号、328号、329号和330号小行星。
932,934,True,于是他开始拜访这些星球，
933,935,True,好给自己找点事干，
934,936,True,也好增长些见识。
935,937,True,第一颗小行星上住着一个国王。
936,938,True,这个国王身穿紫红镶边白鼬皮长袍，
937,939,True,端坐在一张简朴而又气派庄严的王座上。
938,940,True,“哈！来了一个臣民，”
939,941,True,国王看见小王子，
940,942,True,大声叫了起来。
941,943,True,可小王子觉得纳闷：
942,944,True,“他以前从没见过我，
943,945,True,怎么会认识我呢？”
944,946,True,他不知道，
945,947,True,对国王来说，
946,948,True,世界是非常简单的。
947,949,True,所有的人都是臣民。
948,950,True,“你走近点，
949,951,True,让我好好看看你，”
950,952,True,国王说，
951,953,True,他觉得非常骄傲，
952,954,True,因为他终于成了某个人的国王。
953,955,True,小王子朝四下里看看，
954,956,True,想找个地方坐下来，
955,957,True,可是整个星球都被那袭
956,958,True,华丽的白鼬皮长袍占满了。
957,959,True,所以他只好站着，
958,960,True,不过，
959,961,True,由于他累了，
960,962,True,就打了个哈欠。
961,963,True,“在国王面前打哈欠，
962,964,True,有违宫廷礼仪，”
963,965,True,国王对他说，
964,966,True,“我禁止你打哈欠。”
965,967,True,“我没忍住，”
966,968,True,小王子歉疚地说，
967,969,True,“我走了好长的路，
968,970,True,一直没睡觉……”
969,971,True,“那么，”
970,972,True,国王对他说，
971,973,True,“我命令你打哈欠。
972,974,True,我有好几年没见人打哈欠了。
973,975,True,我觉得打哈欠挺好玩。
974,976,True,来！再打个哈欠。
975,977,True,这是命令。”
976,978,True,“我给吓着了……
977,979,True,打不出……”
978,980,True,小王子涨红着脸说。
979,981,True,“呣！呣！”
980,982,True,国王回答说。
981,983,True,“那么我……
982,984,True,我命令你一会儿打哈欠，
983,985,True,一会儿……”
984,986,True,他嘟嘟哝哝的，
985,987,True,看上去不大高兴。
986,988,True,国王其实是要别人尊重他的权威。
987,989,True,他不能容忍别人不服从命令。
988,990,True,他是个专制的君主。
989,991,True,不过，
990,992,True,因为他很善良，
991,993,True,他下的命令都是通情达理的。
992,994,True,“要是我命令，”
993,995,True,这番话他说得流畅极了，
994,996,True,“要是我命令一个将军变成一只海鸟，
995,997,True,那个将军不服从，
996,998,True,这就不是那个将军的错，
997,999,True,这是我的错。”
998,1000,True,“我可以坐下吗？”
999,1001,True,小王子怯生生地问。
1000,1002,True,“我命令你坐下，”
1001,1003,True,国王回答他说，
1002,1004,True,庄重地挪了挪白鼬皮长袍的下摆。
1003,1005,True,可是小王子感到很奇怪。
1004,1006,True,这么小的星球，
1005,1007,True,国王能统治什么呢？
1006,1008,True,“陛下……”
1007,1009,True,他说，
1008,1010,True,“请允许我向您提个……”
1009,1011,True,“我命令你向我提问题，”
1010,1012,True,国王赶紧抢着说。
1011,1013,True,“陛下……
1012,1014,True,您统治什么呢？”
1013,1015,True,“一切，”
1014,1016,True,国王的回答简单明了。
1015,1017,True,“一切？”
1016,1018,True,国王小心翼翼地做了个手势，
1017,1019,True,指了指他的行星、其他的行星和所有的星星。
1018,1020,True,“全归您统治？”
1019,1021,True,小王子问。
1020,1022,True,“全归我统治……”
1021,1023,True,国王回答说。
1022,1024,True,因为他不仅是一国的专制君主，
1023,1025,True,还是宇宙的君主。
1024,1026,True,“那些星星都服从您？”
1025,1027,True,“当然，”
1026,1028,True,国王回答说，
1027,1029,True,“我一下命令，
1028,1030,True,它们马上就服从。
1029,1031,True,我不能容忍纪律涣散。”
1030,1032,True,这样的权力使小王子惊叹不已。
1031,1033,True,他如果拥有这样的权力，
1032,1034,True,那么一天就不是看四十三次，
1033,1035,True,而是七十二次，
1034,1036,True,一百次，
1035,1037,True,甚至两百次日落，
1036,1038,True,连椅子都不用挪一挪！
1037,1039,True,由于想起被他遗弃的小星球，
1038,1040,True,他有点难过，
1039,1041,True,所以就壮着胆子向国王提出一个请求：
1040,1042,True,“我想看一次日落……
1041,1043,True,请您为我……
1042,1044,True,命令太阳下山……”
1043,1045,True,“要是我命令一个将军像蝴蝶
1044,1046,True,一样从一朵花儿飞到另一朵花儿，
1045,1047,True,或者让他写一部悲剧，
1046,1048,True,或者让他变成一只海鸟，
1047,1049,True,而这个将军拒不执行命令，
1048,1050,True,那是谁，
1049,1051,True,是他还是我的错呢？”
1050,1052,True,“那是您的错，”
1051,1053,True,小王子肯定地说。
1052,1054,True,“正是如此。
1053,1055,True,得让每个人去做他能做到的事情，”
1054,1056,True,国王接着说。
1055,1057,True,“权威首先得建立在合理的基础上。
1056,1058,True,如果你命令你的老百姓都去投海，
1057,1059,True,他们就会造反。
1058,1060,True,我之所以有权让人服从，
1059,1061,True,就是因为我的命令都是合情合理的。”
1060,1062,True,“那么我想看的日落呢？”
1061,1063,True,小王子想起了这件事，
1062,1064,True,他对自己提过的问题是不会忘记的。
1063,1065,True,“你会看到日落的。
1064,1066,True,我会要它下山的。
1065,1067,True,不过按照我的统治原则，
1066,1068,True,要等到条件成熟的时候。”
1067,1069,True,“要等到什么时候呢？”
1068,1070,True,小王子问。
1069,1071,True,“呣！呣！”
1070,1072,True,国王先翻看一本厚厚的历书，
1071,1073,True,然后回答说，
1072,1074,True,“呣！呣！要等到，
1073,1075,True,大概……大概……
1074,1076,True,要等到今晚大概七点四十分！
1075,1077,True,你会看到它乖乖地服从我的命令的。”
1076,1078,True,小王子打了个哈欠。
1077,1079,True,看不到日落，
1078,1080,True,让他感到挺遗憾。
1079,1081,True,再说他也已经有点腻烦了：
1080,1082,True,“我在这儿没什么事好做了，”
1081,1083,True,他对国王说。
1082,1084,True,“我要走了！”
1083,1085,True,“别走，”
1084,1086,True,国王回答说，
1085,1087,True,他有了一个臣民，
1086,1088,True,正骄傲着呢。
1087,1089,True,“别走，
1088,1090,True,我任命你当大臣！”
1089,1091,True,“什么大臣？”
1090,1092,True,“这个……司法大臣！”
1091,1093,True,“可是这儿没有人要审判呀！”
1092,1094,True,“那可说不定，”
1093,1095,True,国王对他说。
1094,1096,True,“我还没巡视过我的王国。
1095,1097,True,我太老了，
1096,1098,True,我没地方放马车，
1097,1099,True,走路又累得慌。”
1098,1100,True,“噢！
1099,1101,True,可是我已经看过了，”
1100,1102,True,小王子说着，
1101,1103,True,又朝这颗小行星的另一边瞥了一眼。
1102,1104,True,“那边也没有一个人……”
1103,1105,True,“那你就审判你自己，”
1104,1106,True,国王回答他说。
1105,1107,True,“这是最难的。
1106,1108,True,审判自己要比审判别人难得多。
1107,1109,True,要是你能审判好自己，
1108,1110,True,你就是个真正的智者。”
1109,1111,True,“可我，”
1110,1112,True,小王子说，
1111,1113,True,“我在哪儿都可以自己审判自己。
1112,1114,True,我不必留在这儿呀。”
1113,1115,True,“呣！呣！”
1114,1116,True,国王说，
1115,1117,True,“我想哪，
1116,1118,True,在我的星球上有只老耗子。
1117,1119,True,夜里我听见它的声音。
1118,1120,True,你可以审判这只老耗子。
1119,1121,True,你可以不时判它死刑。
1120,1122,True,这样啊，
1121,1123,True,它的生命就取决于你的判决了。
1122,1124,True,不过，
1123,1125,True,这只耗子你得悠着点儿用，
1124,1126,True,每次判决后都得赦免它。
1125,1127,True,因为只有这么一只耗子。”
1126,1128,True,“可我，”
1127,1129,True,小王子回答说，
1128,1130,True,“我不喜欢判死刑，
1129,1131,True,我想我还得走。”
1130,1132,True,“不行，”
1131,1133,True,国王说。
1132,1134,True,整装待发的小王子不想让老国王难过：
1133,1135,True,“陛下如果想让命令立刻得到服从，
1134,1136,True,那就不妨下一道合情合理的命令。
1135,1137,True,比如说，
1136,1138,True,陛下可以命令我在一分钟内离开此地。
1137,1139,True,我觉得条件已经成熟……”
1138,1140,True,国王一声不吭，
1139,1141,True,小王子起先有点犹豫，
1140,1142,True,而后叹了口气，
1141,1143,True,就起程了。
1142,1144,True,“我任命你当我的大使，”
1143,1145,True,这时国王赶紧喊道。
1144,1146,True,他的神态威严极了。
1145,1147,True,“这些大人真奇怪，”
1146,1148,True,小王子在旅途中自言自语地说。
1147,1149,True,11
1148,1150,True,第二颗行星上住着一个爱虚荣的人。
1149,1151,True,“哈哈！
1150,1152,True,有个崇拜者来看我了！”
1151,1153,True,这个爱虚荣的人刚看见小王子，
1152,1154,True,大老远就喊了起来。
1153,1155,True,因为，
1154,1156,True,在爱虚荣的人眼里，
1155,1157,True,别人都是他们的崇拜者。
1156,1158,True,“您好，”
1157,1159,True,小王子说。
1158,1160,True,“您这顶帽子挺有趣的。”
1159,1161,True,“这是用来致意的，”
1160,1162,True,爱虚荣的人回答说，
1161,1163,True,“人家向我欢呼时，
1162,1164,True,我就用帽子向他们致意。
1163,1165,True,可惜啊，
1164,1166,True,一直没人经过这儿。”
1165,1167,True,“是吗？”
1166,1168,True,小王子说，
1167,1169,True,他没明白那人的意思。
1168,1170,True,“你用一只手去拍另一只手，”
1169,1171,True,于是爱虚荣的人这样教他。
1170,1172,True,小王子就拍起巴掌来了。
1171,1173,True,爱虚荣的人抬起帽子，
1172,1174,True,谦逊地致意。
1173,1175,True,“这比访问那个国王好玩多了，”
1174,1176,True,小王子心想。
1175,1177,True,他又拍起巴掌来了。
1176,1178,True,爱虚荣的人就又抬起帽子致意。
1177,1179,True,这样玩了五分钟，
1178,1180,True,小王子觉得太单调，
1179,1181,True,他都玩累了：
1180,1182,True,“要想叫这顶帽子掉下来，
1181,1183,True,该怎么做呢？”
1182,1184,True,可是爱虚荣的人没听见他的话。
1183,1185,True,爱虚荣的人只听得见颂扬的话。
1184,1186,True,“你真的很崇拜我吗？”
1185,1187,True,他问小王子。
1186,1188,True,“崇拜是什么意思？”
1187,1189,True,“崇拜的意思就是，
1188,1190,True,承认我是这个星球上最英俊、
1189,1191,True,最摩登、最富有、最有学问的人。”
1190,1192,True,“可是这个星球上只有你一个人呀！”
1191,1193,True,“帮帮忙。
1192,1194,True,你只管崇拜我就是了！”
1193,1195,True,“我崇拜你，”
1194,1196,True,小王子说着，
1195,1197,True,微微耸了耸肩膀，
1196,1198,True,“可是你要这个干什么呢？”
1197,1199,True,说着，
1198,1200,True,小王子就走开了。
1199,1201,True,“这些大人真的很怪哟，”
1200,1202,True,一路上，
1201,1203,True,他这么对自己说了一句。
1202,1204,True,12
1203,1205,True,下一颗行星上住着一个酒鬼。
1204,1206,True,这次访问时间很短，
1205,1207,True,却使小王子陷入了深深的怅惘之中。
1206,1208,True,他看见那个酒鬼静静地坐在桌前，
1207,1209,True,面前有一堆空酒瓶和一堆装得满满的酒瓶，
1208,1210,True,他就问：
1209,1211,True,“你在那儿干什么呢？”
1210,1212,True,“我喝酒，”
1211,1213,True,酒鬼神情悲伤地回答。
1212,1214,True,“你为什么要喝酒呢？”
1213,1215,True,小王子问。
1214,1216,True,“为了忘记，”
1215,1217,True,酒鬼回答。
1216,1218,True,“忘记什么？”
1217,1219,True,小王子已经有些同情他了。
1218,1220,True,“忘记我的羞愧，”
1219,1221,True,酒鬼垂下脑袋坦白说。
1220,1222,True,“为什么感到羞愧？”
1221,1223,True,小王子又问，
1222,1224,True,他想帮助这个人。
1223,1225,True,“为喝酒感到羞愧！”
1224,1226,True,酒鬼说完这句话，
1225,1227,True,就再也不开口了。
1226,1228,True,小王子茫然不解地走了。
1227,1229,True,“这些大人真的很怪很怪，”
1228,1230,True,一路上，
1229,1231,True,他自言自语地说。
1230,1232,True,13
1231,1233,True,第四颗行星是个商人的星球。
1232,1234,True,这个人实在太忙碌了，
1233,1235,True,看见小王子来，
1234,1236,True,连头也没抬一下。
1235,1237,True,“您好，”
1236,1238,True,小王子对他说，
1237,1239,True,“您的烟卷灭了。”
1238,1240,True,“三加二等于五。
1239,1241,True,五加七等于十二。
1240,1242,True,十二加三等于十五。
1241,1243,True,你好。
1242,1244,True,十五加七等于二十二。
1243,1245,True,二十二加六是二十八。
1244,1246,True,没时间再去点着它。
1245,1247,True,二十六加五，三十一。
1246,1248,True,嚯！
1247,1249,True,一共是五亿一百六十二万二千七百三十一。”
1248,1250,True,“五亿什么呀？”
1249,1251,True,“呣？你还在这儿？
1250,1252,True,五亿一百万……
1251,1253,True,我也不知道是什么……
1252,1254,True,我的工作太多了！
1253,1255,True,我做的都是正事，
1254,1256,True,我没有工夫闲聊！
1255,1257,True,二加五等于七……”
1256,1258,True,“五亿一百万什么？”
1257,1259,True,小王子又问一遍，
1258,1260,True,他向来是不提问题则罢，
1259,1261,True,提了就决不放过。
1260,1262,True,商人抬起头来：
1261,1263,True,“我在这个星球上住了五十四个年头，
1262,1264,True,只被打搅过三次。
1263,1265,True,第一次是二十二年以前，
1264,1266,True,有只不知从哪儿跑来的金龟子，
1265,1267,True,弄出一片可怕的声音，
1266,1268,True,害得我在一笔账目里出了四个差错。
1267,1269,True,第二次是十一年前，
1268,1270,True,我风湿病发作。
1269,1271,True,我平时缺乏锻炼。
1270,1272,True,我没工夫去闲逛。
1271,1273,True,我是干正事的人。
1272,1274,True,第三次……就是这次！
1273,1275,True,所以我刚才说了，
1274,1276,True,五亿一百万……”
1275,1277,True,“五亿一百万什么？”
1276,1278,True,商人明白他是甭想太平了：
1277,1279,True,“五亿一百万个小东西，
1278,1280,True,有时候在天空里看得见它们。”
1279,1281,True,“苍蝇？”
1280,1282,True,“不对，
1281,1283,True,是闪闪发亮的小东西。”
1282,1284,True,“蜜蜂？”
1283,1285,True,“不对。
1284,1286,True,是些金色的小东西，
1285,1287,True,无所事事的人望着它们会胡思乱想。
1286,1288,True,可我是干正事的人！
1287,1289,True,我没工夫去胡思乱想。”
1288,1290,True,“噢！是星星？”
1289,1291,True,“对啦。星星。”
1290,1292,True,“你拿这五亿颗星星做什么呢？”
1291,1293,True,“五亿一百六十二万二千七百三十一颗。
1292,1294,True,我是个认真的人，
1293,1295,True,我讲究精确。”
1294,1296,True,“那你拿这些星星来做什么呢？”
1295,1297,True,“我拿它们做什么？”
1296,1298,True,“是啊。”
1297,1299,True,“不做什么。
1298,1300,True,我占有它们。”
1299,1301,True,“你占有这些星星？”
1300,1302,True,“对。”
1301,1303,True,“可我已经见到有个国王，
1302,1304,True,他……”
1303,1305,True,“国王并不占有。
1304,1306,True,他们只是‘统治’。
1305,1307,True,这完全是两码事。”
1306,1308,True,“占有这些星星对你有什么用呢？”
1307,1309,True,“可以使我富有。”
1308,1310,True,“富有对你有什么用呢？”
1309,1311,True,“可以去买其他的星星—
1310,1312,True,—只要有人发现了这样的星星。”
1311,1313,True,“这个人，”
1312,1314,True,小王子暗自思忖，
1313,1315,True,“想问题有点像那个酒鬼。”
1314,1316,True,话虽这么说，
1315,1317,True,他还是接着提问题：
1316,1318,True,“一个人怎么能够占有这些星星呢？”
1317,1319,True,“它们属于谁了？”
1318,1320,True,商人没好气地顶了他一句。
1319,1321,True,“我不知道。
1320,1322,True,谁也不属于。”
1321,1323,True,“那么它们就属于我，
1322,1324,True,因为是我第一个想到这件事的。”
1323,1325,True,“这就够了？”
1324,1326,True,“当然。
1325,1327,True,当你发现一颗不属于任何人的钻石，
1326,1328,True,它就属于你。
1327,1329,True,当你发现一个不属于任何人的岛屿，
1328,1330,True,它就属于你。
1329,1331,True,当你最先想出一个主意，
1330,1332,True,你去申请发明专利，
1331,1333,True,它就属于你。
1332,1334,True,现在我占有了这些星星，
1333,1335,True,因为在我以前没有人想到过占有它们。”
1334,1336,True,“这倒也是，”
1335,1337,True,小王子说，
1336,1338,True,“可你拿它们来做什么呢？”
1337,1339,True,“我经营它们。
1338,1340,True,我一遍又一遍地计算它们的数目，”
1339,1341,True,商人说，
1340,1342,True,“这并不容易。
1341,1343,True,可我是个干正事的人！”
1342,1344,True,小王子还是不满意。
1343,1345,True,“我呀，
1344,1346,True,如果我有一块方围巾，
1345,1347,True,我可以把它围在脖子上带走它。
1346,1348,True,如果我有一朵花儿，
1347,1349,True,我可以摘下这朵花儿带走它。
1348,1350,True,可是你没法摘下这些星星呀！”
1349,1351,True,“没错，
1350,1352,True,但是我可以把它们存入银行。”
1351,1353,True,“这是什么意思？”
1352,1354,True,“这就是说，
1353,1355,True,我把我的星星的总数写在一张小纸片上。
1354,1356,True,然后我把这张小纸片放进一个抽屉锁好。”
1355,1357,True,“就这些？”
1356,1358,True,“这就够了！”
1357,1359,True,“真有趣，”
1358,1360,True,小王子心想，
1359,1361,True,“倒挺有诗意的。
1360,1362,True,可这算不上什么正事呀。”
1361,1363,True,小王子对正事的看法，
1362,1364,True,跟大人对正事的看法很不相同。
1363,1365,True,“我有一朵花儿，”
1364,1366,True,他又说道，
1365,1367,True,“我每天都给她浇水。
1366,1368,True,我有三座火山，
1367,1369,True,我每星期都把它们疏通一遍。
1368,1370,True,那座死火山我也疏通。
1369,1371,True,因为谁也说不准它还会不会喷发。
1370,1372,True,我占有它们，
1371,1373,True,对火山有好处，
1372,1374,True,对花儿也有好处。
1373,1375,True,可是你占有星星，
1374,1376,True,对它们没有好处。”
1375,1377,True,商人张口结舌，
1376,1378,True,无言以对。
1377,1379,True,小王子就走了。
1378,1380,True,“这些大人真的好古怪，”
1379,1381,True,一路上，
1380,1382,True,他只是自言自语说了这么一句。
1381,1383,True,14
1382,1384,True,第五颗行星非常奇怪。
1383,1385,True,这是最小的一颗。
1384,1386,True,上面刚好只能容得下一盏路灯和一个点灯人。
1385,1387,True,小王子好生纳闷，
1386,1388,True,在天空的一个角落，
1387,1389,True,在一个既没有房子也没有居民的行星上，
1388,1390,True,要一盏路灯和一个点灯人，
1389,1391,True,又能有什么用呢？
1390,1392,True,不过他还是对自己说：
1391,1393,True,“很可能这个人是有点不正常。
1392,1394,True,但是跟那个国王，
1393,1395,True,那个爱虚荣的人，
1394,1396,True,那个商人和那个酒鬼比起来，
1395,1397,True,他还是要比他们正常些。
1396,1398,True,至少他的工作还有意义。
1397,1399,True,他点亮路灯，
1398,1400,True,就好比唤醒了另一个太阳或者一朵花儿。
1399,1401,True,他熄灭路灯，
1400,1402,True,就好比让这朵花儿或这个太阳睡觉了。
1401,1403,True,这是件很美的事情。
1402,1404,True,既然很美，
1403,1405,True,自然就有用啰！”
1404,1406,True,他一到这个星球，
1405,1407,True,就很尊敬地向点灯人打招呼：
1406,1408,True,“早上好。
1407,1409,True,你刚才为什么把路灯熄掉呢？”
1408,1410,True,“这是规定，”
1409,1411,True,点灯人回答说，
1410,1412,True,“早上好。”
1411,1413,True,“什么规定？”
1412,1414,True,“熄灭路灯呗。
1413,1415,True,晚上好。”
1414,1416,True,说着他又点亮了路灯。
1415,1417,True,“那你刚才为什么又点亮路灯呢？”
1416,1418,True,“这是规定，”
1417,1419,True,点灯人回答说。
1418,1420,True,“我弄不懂，”
1419,1421,True,小王子说。
1420,1422,True,“没什么要弄懂的，”
1421,1423,True,点灯人说，
1422,1424,True,“规定就是规定。
1423,1425,True,早上好。”
1424,1426,True,说着他熄灭了路灯。
1425,1427,True,然后他用一块有红方格的手帕擦了擦额头。
1426,1428,True,“我干的是件非常累人的差事。
1427,1429,True,以前还说得过去。
1428,1430,True,我早晨熄灯，
1429,1431,True,晚上点灯。
1430,1432,True,白天我有时间休息，
1431,1433,True,夜里也有时间睡觉……”
1432,1434,True,“那么，
1433,1435,True,后来规定改变了？”
1434,1436,True,“规定没有改变，”
1435,1437,True,点灯人说，
1436,1438,True,“惨就惨在这儿！
1437,1439,True,这颗行星一年比一年转得快，
1438,1440,True,可规定却没变！”
1439,1441,True,“结果呢？”
1440,1442,True,小王子说。
1441,1443,True,“结果现在每分钟转一圈，
1442,1444,True,我连一秒钟的休息时间都没有。
1443,1445,True,我每分钟就要点一次灯，
1444,1446,True,熄一次灯！”
1445,1447,True,“这可真有趣！
1446,1448,True,你这儿一天只有一分钟！”
1447,1449,True,“一点也不有趣，”
1448,1450,True,点灯人说，
1449,1451,True,“我们说着话，
1450,1452,True,就已经一个月过去了。”
1451,1453,True,“一个月？”
1452,1454,True,“对。三十分钟。
1453,1455,True,三十天！晚上好。”
1454,1456,True,说着他点亮了路灯。
1455,1457,True,小王子瞧着他，
1456,1458,True,心里喜欢上了这个忠于职守的点灯人。
1457,1459,True,他想起了自己以前的挪椅子看日落。
1458,1460,True,他挺想帮助这个朋友：
1459,1461,True,“你知道……
1460,1462,True,我有一个办法，
1461,1463,True,好让你想休息就能休息……”
1462,1464,True,我干的是桩非常累人的差事“我一直想休息，”
1463,1465,True,点灯人说。
1464,1466,True,因为，
1465,1467,True,一个人可以同时是忠于职守的，
1466,1468,True,又是生性疏懒的。
1467,1469,True,小王子接着说：
1468,1470,True,“你的星球小得很，
1469,1471,True,你走三步就绕了一圈。
1470,1472,True,所以你只要走得慢一些，
1471,1473,True,就可以一直待在阳光下。
1472,1474,True,你要想休息了，
1473,1475,True,就往前走……
1474,1476,True,你要白天有多长，
1475,1477,True,它就有多长。”
1476,1478,True,“这办法帮不了我多少忙，”
1477,1479,True,点灯人说，
1478,1480,True,“我这人，
1479,1481,True,平生就喜欢睡觉。”
1480,1482,True,“真不走运，”
1481,1483,True,小王子说。
1482,1484,True,“真不走运，”
1483,1485,True,点灯人说，
1484,1486,True,“早上好。”
1485,1487,True,说着他熄灭了路灯。
1486,1488,True,“这个人呀，”
1487,1489,True,小王子一边继续他的旅途，
1488,1490,True,一边在想，
1489,1491,True,“国王也好，
1490,1492,True,爱虚荣的人也好，
1491,1493,True,酒鬼也好，商人也好，
1492,1494,True,他们都会瞧不起这个人。
1493,1495,True,可是，
1494,1496,True,就只有他没让我感到可笑。
1495,1497,True,也许，
1496,1498,True,这是因为他关心的是别的事情，
1497,1499,True,而不是自己。”
1498,1500,True,他惋惜地叹了口气，
1499,1501,True,又自言自语：
1500,1502,True,“只有这个人我可以跟他交朋友。
1501,1503,True,可是他的星球实在太小了。
1502,1504,True,两个人挤不下……”
1503,1505,True,小王子不敢承认的是，
1504,1506,True,他留恋这颗受上苍眷顾的星球，
1505,1507,True,是因为每二十四小时就有一千四百四十次日落！
1506,1508,True,15
1507,1509,True,第六颗行星是一颗大十倍的行星。
1508,1510,True,上面住着一个老先生，
1509,1511,True,他在写一本本大部头的著作。
1510,1512,True,“瞧！
1511,1513,True,来了一位探险家！”
1512,1514,True,他一看见小王子，
1513,1515,True,就喊道。
1514,1516,True,小王子坐在桌边，
1515,1517,True,喘了喘气。
1516,1518,True,他刚走了那么多路！
1517,1519,True,“你从哪儿来啊？”
1518,1520,True,老先生问他。
1519,1521,True,“这一大本是什么书？”
1520,1522,True,小王子说，
1521,1523,True,“您在这儿干什么呢？”
1522,1524,True,“我是地理学家，”
1523,1525,True,老先生说。
1524,1526,True,“什么叫地理学家？”
1525,1527,True,“地理学家是个学者，
1526,1528,True,他知道哪儿有海洋，
1527,1529,True,有河流，有城市，
1528,1530,True,有山脉和沙漠。”
1529,1531,True,“这挺有趣，”
1530,1532,True,小王子说，
1531,1533,True,“啊，
1532,1534,True,这才是真正的职业！”
1533,1535,True,说着他朝地理学家的星球四周望了一眼。
1534,1536,True,他还从没见过这么雄伟壮丽的星球哩。
1535,1537,True,“您的星球真美。
1536,1538,True,它有海洋吗？”
1537,1539,True,“这我没法知道，”
1538,1540,True,地理学家说。
1539,1541,True,“哦！”
1540,1542,True,小王子有点失望。
1541,1543,True,“那么山脉呢？”
1542,1544,True,“这我没法知道，”
1543,1545,True,地理学家说。
1544,1546,True,“城市、河流和沙漠呢？”
1545,1547,True,“这我也没法知道，”
1546,1548,True,地理学家说。
1547,1549,True,“可您是地理学家呀！”
1548,1550,True,“一点不错，”
1549,1551,True,地理学家说，
1550,1552,True,“但我不是探险家。
1551,1553,True,我这里一个探险家也没有。
1552,1554,True,地理学家是不出去探测城
1553,1555,True,市、河流、山脉、海洋和沙漠的。
1554,1556,True,地理学家非常重要，
1555,1557,True,他不能到处闲逛。
1556,1558,True,他从不离开自己的书房。
1557,1559,True,不过他会在那里接见探险家。
1558,1560,True,他向他们提问，
1559,1561,True,把他们的旅行回忆记下来。
1560,1562,True,要是他觉得他们中间哪个人的回忆有意思，
1561,1563,True,他就会让人对这个探险家的品行作一番调查。”
1562,1564,True,“这是为什么？”
1563,1565,True,“因为一个说谎的探险家
1564,1566,True,会给地理书带来灾难性的后果。
1565,1567,True,一个贪杯的探险家也是如此。”
1566,1568,True,“这是为什么？”
1567,1569,True,小王子问。
1568,1570,True,“因为酒鬼会把一样东西看成两样东西。
1569,1571,True,这样一来，
1570,1572,True,地理学家就会把明明只有一
1571,1573,True,座山的地方写成有两座山了。”
1572,1574,True,“我认识一个人，”
1573,1575,True,小王子说，
1574,1576,True,“他当探险家就不行。”
1575,1577,True,“这有可能。所以，
1576,1578,True,要等到了解探险家品行良好以后，
1577,1579,True,才对他的发现进行调查。”
1578,1580,True,“去看一下？”
1579,1581,True,“不。这太复杂了。
1580,1582,True,地理学家只要求探险家提供物证。
1581,1583,True,比如说，
1582,1584,True,他发现了一座大山，
1583,1585,True,地理学家就要求他带一块大石头来。”
1584,1586,True,地理学家忽然激动起来。
1585,1587,True,“嗨，
1586,1588,True,你是大老远来的！
1587,1589,True,你是探险家！
1588,1590,True,你给我说说你的星球！”
1589,1591,True,说着，
1590,1592,True,地理学家打开笔记本，
1591,1593,True,削了支铅笔。
1592,1594,True,地理学家一开始只用铅笔记下探险家讲的话。
1593,1595,True,要等到这个探险家提供物证以后，
1594,1596,True,才换用钢笔来记录。
1595,1597,True,“怎么样？”
1596,1598,True,地理学家问。
1597,1599,True,“哦！我那儿，”
1598,1600,True,小王子说，
1599,1601,True,“并不很有趣，
1600,1602,True,那是颗很小的星球。
1601,1603,True,我有三座火山。
1602,1604,True,两座活火山，
1603,1605,True,一座死火山。
1604,1606,True,不过这也说不定。”
1605,1607,True,“这可说不定，”
1606,1608,True,地理学家说。
1607,1609,True,“我还有一朵花儿。”
1608,1610,True,“花儿我们是不记下来的，”
1609,1611,True,地理学家说。
1610,1612,True,“这是为什么？
1611,1613,True,花儿是最美的呀！”
1612,1614,True,“因为花是转瞬即逝的。”
1613,1615,True,“什么叫‘转瞬即逝’
1614,1616,True,呢？”
1615,1617,True,“地理书，”
1616,1618,True,地理学家说，
1617,1619,True,“是所有的书中间最宝贵的。
1618,1620,True,地理书永远不会过时。
1619,1621,True,山脉移位的情形是极其罕见的。
1620,1622,True,海洋干涸的情形也是极其罕见的。
1621,1623,True,我们写的都是永恒的事物。”
1622,1624,True,“可是死火山说不定也会醒来，”
1623,1625,True,小王子插话说，
1624,1626,True,“什么叫‘转瞬即逝’
1625,1627,True,呢？”
1626,1628,True,“火山睡也好，
1627,1629,True,醒也好，
1628,1630,True,对我们地理学家来说是一码事，”
1629,1631,True,地理学家说，
1630,1632,True,“我们关心的是山。
1631,1633,True,山是一成不变的。”
1632,1634,True,“可是，
1633,1635,True,什么叫‘转瞬即逝’
1634,1636,True,呢？”
1635,1637,True,小王子追问道，
1636,1638,True,他向来提了问题就不肯放过。
1637,1639,True,“意思就是‘随时有消逝的危险’。
1638,1640,True,“我的花儿随时有消逝的危险吗？”
1639,1641,True,“当然。”
1640,1642,True,“我的花儿是转瞬即逝的，”
1641,1643,True,小王子想道，
1642,1644,True,“她只有四根刺可以自卫，
1643,1645,True,可以用来抵御这个世界！
1644,1646,True,而我却丢下她孤零零地在那儿！”
1645,1647,True,想到这儿，
1646,1648,True,他不由得感到了后悔。
1647,1649,True,不过他马上又振作起来：
1648,1650,True,“依您看，
1649,1651,True,我再去哪儿访问好呢？”
1650,1652,True,他问。
1651,1653,True,“地球吧，”
1652,1654,True,地理学家回答说，
1653,1655,True,“它的名气挺响……”
1654,1656,True,于是小王子走了，
1655,1657,True,一边走一边想着他的花儿。
1656,1658,True,16
1657,1659,True,所以，
1658,1660,True,第七颗行星就是地球了。
1659,1661,True,地球可不是普普通通的行星！
1660,1662,True,它上面有一百十一个国王（当然，
1661,1663,True,黑人国王也包括在内），
1662,1664,True,七千万个地理学家，
1663,1665,True,九十万个商人，
1664,1666,True,七百五十万个酒鬼，
1665,1667,True,三亿一千一百个爱虚荣的人，
1666,1668,True,总共大约有二十亿个大人。
1667,1669,True,为了让你们对地球的大小有个概念，
1668,1670,True,我就这么对你们说吧，
1669,1671,True,在发明电以前，
1670,1672,True,地球的六大洲上，
1671,1673,True,需要维持一支四十六万二千五百
1672,1674,True,十一人的浩浩荡荡的点灯人大军。
1673,1675,True,从稍远些的地方看去，
1674,1676,True,这是一幅壮丽的景观。
1675,1677,True,这支大军行动起来，
1676,1678,True,就像在歌剧院里跳芭蕾舞那样有条不紊。
1677,1679,True,最先上场的是新西兰和澳大利亚的点灯人。
1678,1680,True,点着了灯，
1679,1681,True,他们就退下去睡觉。
1680,1682,True,接着是中国和西伯利亚的点灯人上场，
1681,1683,True,随后他们也退到幕后。
1682,1684,True,下面轮到了俄罗斯和印度的点灯人。
1683,1685,True,接下去是非洲和欧洲的，
1684,1686,True,而后是南美的。
1685,1687,True,再后来是北美的。
1686,1688,True,所有这些点灯人从来不会搞乱上场的次序。
1687,1689,True,这场面真是蔚为壮观。
1688,1690,True,只有北极（那儿只有唯一一盏路灯）的点
1689,1691,True,灯人和南极（那儿也只有唯一一盏路灯）的那个同行，
1690,1692,True,过着悠闲懒散的生活：
1691,1693,True,他俩一年干两回活儿。
1692,1694,True,17
1693,1695,True,一个人如果想把话说得有趣些，
1694,1696,True,免不了会稍稍撒点谎。
1695,1697,True,我给你们讲点灯人大军的那会儿，
1696,1698,True,就不是很诚实。
1697,1699,True,那些不了解我们行星的人，
1698,1700,True,听了我讲的故事，
1699,1701,True,可能会造成一种错觉。
1700,1702,True,其实人在地球上只占一点点地方。
1701,1703,True,倘若让地球上的二十亿居民全都挨个儿站着，
1702,1704,True,就像集会时那样，
1703,1705,True,那么二十海里长、二十海
1704,1706,True,里宽的一个广场就容得下他们。
1705,1707,True,全人类可以挤在太平洋中最小的一个岛屿上。
1706,1708,True,当然，
1707,1709,True,大人是不会相信你们的。
1708,1710,True,他们自以为占了好多好多地方。
1709,1711,True,他们把自己看得跟猴面包树一样重要。
1710,1712,True,你们不妨劝他们好好算一算。
1711,1713,True,他们喜欢数字，
1712,1714,True,说到计算就来劲。
1713,1715,True,不过你们可别浪费时间，
1714,1716,True,去做这种叫人厌烦的事情。
1715,1717,True,根本不用去做。
1716,1718,True,你们相信我就行了。
1717,1719,True,所以小王子一踏上地球，
1718,1720,True,就觉得奇怪，
1719,1721,True,怎么一个人也看不见呢。
1720,1722,True,他正在担心是不是来错了星球，
1721,1723,True,忽然看见沙地上一个月白色的圆环在挪动。
1722,1724,True,“晚上好，”
1723,1725,True,小王子没把握地招呼说。
1724,1726,True,“晚上好，”
1725,1727,True,蛇说。
1726,1728,True,“我落在哪个行星上了？”
1727,1729,True,小王子问。
1728,1730,True,“在地球上，
1729,1731,True,这是非洲，”
1730,1732,True,蛇回答。
1731,1733,True,“噢！
1732,1734,True,难道地球上一个人也没有吗？”
1733,1735,True,“这儿是沙漠。
1734,1736,True,在沙漠上是一个人也没有的。
1735,1737,True,地球大着呢，”
1736,1738,True,蛇说。
1737,1739,True,小王子在一块石头上坐下，
1738,1740,True,抬头望着天空：
1739,1741,True,“我在想，”
1740,1742,True,他说，
1741,1743,True,“这些星星闪闪发亮，
1742,1744,True,大概是要让每个人总有一
1743,1745,True,天能找到自己的那颗星星吧。
1744,1746,True,瞧我的那颗星星。
1745,1747,True,它正好在我们头顶上……
1746,1748,True,可是它离得那么远！”
1747,1749,True,“它很美，”
1748,1750,True,蛇说，
1749,1751,True,“你到这儿来干吗？”
1750,1752,True,“你真是种奇怪的动物，”
1751,1753,True,最后他说，
1752,1754,True,“细得像根手指……”
1753,1755,True,“我和一朵花儿闹了别扭，”
1754,1756,True,小王子说。
1755,1757,True,“噢！”
1756,1758,True,蛇说。
1757,1759,True,他俩都沉默了。
1758,1760,True,“哪儿见得到人呢？”
1759,1761,True,小王子终于又开口了，
1760,1762,True,“在沙漠里真有点孤独……”
1761,1763,True,“在人群中间，
1762,1764,True,你也会感到孤独，”
1763,1765,True,蛇说。
1764,1766,True,小王子久久地注视着蛇：
1765,1767,True,“你真是种奇怪的动物，”
1766,1768,True,最后他说，
1767,1769,True,“细得像根手指……”
1768,1770,True,“可我比一个国王的手指还厉害呢，”
1769,1771,True,蛇说。
1770,1772,True,小王子笑了：
1771,1773,True,“你厉害不到哪儿去……
1772,1774,True,你连脚都没有……
1773,1775,True,要出远门你就不行吧？”
1774,1776,True,“我可以把你带到很远很远的地方去，
1775,1777,True,比一艘船去的地方还远，”
1776,1778,True,蛇说。
1777,1779,True,它盘在小王子的脚踝上，
1778,1780,True,像一只金镯子：
1779,1781,True,“凡是我碰过的人，
1780,1782,True,我都把他们送回老家去，”
1781,1783,True,它又说，
1782,1784,True,“可你这么纯洁，
1783,1785,True,又是从一颗星星那儿来的……”
1784,1786,True,小王子没有作声。
1785,1787,True,“在这个花岗石的地球上，
1786,1788,True,你是这么弱小，
1787,1789,True,我很可怜你。
1788,1790,True,哪天你要是想念你的星星了，
1789,1791,True,我可以帮助你。
1790,1792,True,我可以……”
1791,1793,True,“噢！
1792,1794,True,我明白你的意思，”
1793,1795,True,小王子说，
1794,1796,True,“可为什么你说的话都像谜似的？”
1795,1797,True,“这些谜我都能解开，”
1796,1798,True,蛇说。
1797,1799,True,然后他们又都沉默了。
1798,1800,True,18
1799,1801,True,小王子穿过沙漠，
1800,1802,True,只见到了一朵花儿。
1801,1803,True,一朵长着三片花瓣的花儿，
1802,1804,True,一朵不起眼的花儿……
1803,1805,True,“你好，”
1804,1806,True,小王子说。
1805,1807,True,“你好，”
1806,1808,True,花儿说。
1807,1809,True,“人们在哪儿呢？”
1808,1810,True,小王子有礼貌地问。
1809,1811,True,花儿看见过一支沙漠驼队经过：
1810,1812,True,“人们？我想是有的，
1811,1813,True,不是六个就是七个。
1812,1814,True,好几年以前，
1813,1815,True,我见过他们。
1814,1816,True,不过谁也不知道，
1815,1817,True,要上哪儿才能找到他们。
1816,1818,True,风把他们一会儿吹到这儿，
1817,1819,True,一会儿吹到那儿。
1818,1820,True,他们没有根，
1819,1821,True,活得很辛苦。”
1820,1822,True,“再见了，”
1821,1823,True,小王子说。
1822,1824,True,“再见，”
1823,1825,True,花儿说。
1824,1826,True,19
1825,1827,True,小王子攀上一座高山。
1826,1828,True,他过去只见过三座齐膝高的火山。
1827,1829,True,他还把那座死火山当凳子坐哩。
1828,1830,True,“从一座这么高的山上望下去，”
1829,1831,True,他心想，
1830,1832,True,“我一眼就能看到整个星球和所有的人们……”
1831,1833,True,可是，
1832,1834,True,他看到的只是些陡峭的山峰。
1833,1835,True,“你们好，”
1834,1836,True,他怯生生地招呼说。
1835,1837,True,“你们好……
1836,1838,True,你们好……你们好……”
1837,1839,True,回声应道。
1838,1840,True,“你们是谁呀？”
1839,1841,True,小王子问。
1840,1842,True,“你们是谁呀……
1841,1843,True,你们是谁呀……
1842,1844,True,你们是谁呀……”
1843,1845,True,回声应道。
1844,1846,True,“请做我的朋友吧，
1845,1847,True,我很孤独，”
1846,1848,True,他说。
1847,1849,True,“我很孤独……
1848,1850,True,我很孤独……
1849,1851,True,我很孤独……”
1850,1852,True,回声应道。
1851,1853,True,“这颗行星可真怪！”
1852,1854,True,他心想，
1853,1855,True,“又干，又尖，
1854,1856,True,又锋利。
1855,1857,True,人们一点想象力都没有。
1856,1858,True,他们老是重复别人对他们说的话……
1857,1859,True,在我那儿有一朵花儿，
1858,1860,True,她总是先开口说话的……”
1859,1861,True,这颗行星又干，
1860,1862,True,又尖，
1861,1863,True,又锋利
1862,1864,True,20
1863,1865,True,小王子在沙漠、山岩和雪地上走了很长时间以后，
1864,1866,True,终于发现了一条路。
1865,1867,True,所有的路都通往有人住的地方。
1866,1868,True,“你们好，”
1867,1869,True,他说。
1868,1870,True,眼前是一座玫瑰盛开的花园。
1869,1871,True,“你好，”
1870,1872,True,玫瑰们说。
1871,1873,True,小王子瞧着她们。
1872,1874,True,她们都长得和他的花儿一模一样。
1873,1875,True,“你们是什么花呀？”
1874,1876,True,他惊奇地问。
1875,1877,True,“我们是玫瑰花，”
1876,1878,True,玫瑰们说。
1877,1879,True,“噢！”
1878,1880,True,小王子说……
1879,1881,True,他感到非常伤心。
1880,1882,True,他的花儿跟他说过，
1881,1883,True,她是整个宇宙中独一无二的花儿。
1882,1884,True,可这儿，
1883,1885,True,在一座花园里就有五千朵，
1884,1886,True,全都一模一样！
1885,1887,True,“要是让她看到了，”
1886,1888,True,他想，
1887,1889,True,“她一定会非常生气……
1888,1890,True,她会拼命咳嗽，
1889,1891,True,她还会假装死去，
1890,1892,True,免得让人耻笑。我呢，
1891,1893,True,还得假装去照料她，
1892,1894,True,否则她为了让我感到羞愧，
1893,1895,True,说不定真的会让自己死去……”
1894,1896,True,随后他又想：
1895,1897,True,“我还以为自己拥有的是独一无二的一朵花儿呢，
1896,1898,True,可我有的只是普普通通的一朵玫瑰花罢了。
1897,1899,True,这朵花儿，
1898,1900,True,加上那三座只到我膝盖的火山，
1899,1901,True,其中有一座还说不定永远不会再喷发，
1900,1902,True,就凭这些，
1901,1903,True,我怎么也成不了一个伟大的王子……”
1902,1904,True,想着想着，
1903,1905,True,他趴在草地上哭了起来。
1904,1906,True,21
1905,1907,True,就在这时狐狸出现了。
1906,1908,True,“早哇，”
1907,1909,True,狐狸说。
1908,1910,True,“早，”
1909,1911,True,小王子有礼貌地回答，
1910,1912,True,他转过身来，
1911,1913,True,却什么也没看到。
1912,1914,True,“我在这儿呢，”
1913,1915,True,那声音说，
1914,1916,True,“在苹果树下面……”
1915,1917,True,“你是谁？”
1916,1918,True,小王子说，
1917,1919,True,“你很漂亮。”
1918,1920,True,“我是一只狐狸，”
1919,1921,True,狐狸说。
1920,1922,True,“来和我一起玩吧，”
1921,1923,True,小王子提议，
1922,1924,True,“我很不快活……”
1923,1925,True,“我不能和你一起玩，”
1924,1926,True,狐狸说，
1925,1927,True,“还没人驯养过我呢。”
1926,1928,True,“啊！对不起，”
1927,1929,True,小王子说。
1928,1930,True,不过，
1929,1931,True,他想了想又说：
1930,1932,True,“‘驯养’
1931,1933,True,是什么意思？”
1932,1934,True,“你一定不是这儿的人，”
1933,1935,True,狐狸说，
1934,1936,True,“你来寻找什么呢？”
1935,1937,True,“我来找人，”
1936,1938,True,小王子说。
1937,1939,True,“‘驯养’
1938,1940,True,是什么意思？”
1939,1941,True,“人哪，”
1940,1942,True,狐狸说，
1941,1943,True,“他们有枪，还打猎。
1942,1944,True,讨厌极了！
1943,1945,True,他们还养母鸡，
1944,1946,True,这总算有点意思。
1945,1947,True,你也找母鸡吗？”
1946,1948,True,“不找，”
1947,1949,True,小王子说。
1948,1950,True,“我找朋友。‘驯养’
1949,1951,True,是什么意思？”
1950,1952,True,“这是一件经常被忽略的事情，”
1951,1953,True,狐狸说。
1952,1954,True,“意思是‘建立感情联系’…
1953,1955,True,“建立感情联系？”
1954,1956,True,“当然，”
1955,1957,True,狐狸说，
1956,1958,True,“现在你对我来说，
1957,1959,True,只不过是个小男孩，
1958,1960,True,跟成千上万别的小男孩毫无两样。
1959,1961,True,我不需要你。
1960,1962,True,你也不需要我。
1961,1963,True,我对你来说，
1962,1964,True,也只不过是个狐狸，
1963,1965,True,跟成千上万别的狐狸毫无两样。
1964,1966,True,但是，
1965,1967,True,你要是驯养了我，
1966,1968,True,我俩就彼此都需要对方了。
1967,1969,True,你对我来说是世界上独一无二的。
1968,1970,True,我对你来说，
1969,1971,True,也是世界上独一无二的……”
1970,1972,True,“我有点明白了，”
1971,1973,True,小王子说，
1972,1974,True,“有一朵花儿……
1973,1975,True,我想她是驯养了我……”
1974,1976,True,“有可能，”
1975,1977,True,狐狸说，
1976,1978,True,“这个地球上各色各样的事都有……”
1977,1979,True,“哦！不是在地球上，”
1978,1980,True,小王子说。
1979,1981,True,狐狸看上去很惊讶：
1980,1982,True,“在另一个星球上？”
1981,1983,True,“对。”
1982,1984,True,“在那个星球上有没有猎人呢？”
1983,1985,True,“没有。”
1984,1986,True,“哈，这很有意思！
1985,1987,True,那么母鸡呢？”
1986,1988,True,“没有。”
1987,1989,True,“没有十全十美的事呵，”
1988,1990,True,狐狸叹气说。
1989,1991,True,不过，
1990,1992,True,狐狸很快又回到刚才的想法上来：
1991,1993,True,“我的生活很单调。
1992,1994,True,我去捉鸡，人来捉我。
1993,1995,True,母鸡全都长得一个模样，
1994,1996,True,人也全都长得一个模样。
1995,1997,True,所以我有点腻了。
1996,1998,True,不过，要是你驯养我，
1997,1999,True,我的生活就会变得充满阳光。
1998,2000,True,我会辨认出一种和其他所有人都不同的脚步声。
1999,2001,True,听见别的脚步声，
2000,2002,True,我会往地底下钻，
2001,2003,True,而你的脚步声，
2002,2004,True,会像音乐一样，
2003,2005,True,把我召唤到洞外。
2004,2006,True,还有，你看！
2005,2007,True,你看到那边的麦田了吗？
2006,2008,True,我是不吃面包的。
2007,2009,True,麦子对我来说毫无用处。
2008,2010,True,我对麦田无动于衷。
2009,2011,True,可悲就可悲在这儿！
2010,2012,True,而你的头发是金黄色的。
2011,2013,True,所以，
2012,2014,True,一旦你驯养了我，
2013,2015,True,事情就变得很美妙了！
2014,2016,True,金黄色的麦子，
2015,2017,True,会让我想起你。
2016,2018,True,我会喜爱风儿吹拂麦浪的声音……”
2017,2019,True,狐狸停下来，
2018,2020,True,久久地注视着小王子：
2019,2021,True,“请你……驯养我吧！”
2020,2022,True,他说。
2021,2023,True,如果你能在下午四点钟来，
2022,2024,True,那么我在三点钟就会开始有一种幸福的感觉。
2023,2025,True,“我很愿意，”
2024,2026,True,小王子回答说，
2025,2027,True,“可是我时间不多了。
2026,2028,True,我得去找朋友，
2027,2029,True,还得去了解许多东西。”
2028,2030,True,“只有驯养过的东西，
2029,2031,True,你才会了解它，”
2030,2032,True,狐狸说，
2031,2033,True,“人们也没有时间去了解任何东西。
2032,2034,True,他们总到商店去购买现成的东西。
2033,2035,True,但是不存在出售朋友的商店，
2034,2036,True,所以人们也就不会有朋友。
2035,2037,True,你如果想要有个朋友，
2036,2038,True,就驯养我吧！”
2037,2039,True,“那么应当做些什么呢？”
2038,2040,True,小王子说。
2039,2041,True,“应当很有耐心，”
2040,2042,True,狐狸回答说，
2041,2043,True,“你先坐在草地上，
2042,2044,True,离我稍远一些，
2043,2045,True,就像这样。
2044,2046,True,我从眼角里瞅你，
2045,2047,True,而你什么也别说。
2046,2048,True,语言是误解的根源。
2047,2049,True,不过，
2048,2050,True,每天你都可以坐得离我稍稍近一些……”
2049,2051,True,第二天，
2050,2052,True,小王子又来了。
2051,2053,True,“最好你能在同一时间来，”
2052,2054,True,狐狸说，
2053,2055,True,“比如说，
2054,2056,True,下午四点钟吧，
2055,2057,True,那么我在三点钟就会开始感到幸福了。
2056,2058,True,时间越来越近，
2057,2059,True,我就越来越幸福。
2058,2060,True,到了四点钟，
2059,2061,True,我会兴奋得坐立不安；幸福原来也很折磨人的！
2060,2062,True,可要是你随便什么时候来，
2061,2063,True,我就没法知道什么时候该准备好我的心情……
2062,2064,True,还是得有个仪式。”
2063,2065,True,“什么叫仪式？”
2064,2066,True,小王子问。
2065,2067,True,“这也是一件经常被忽略的事情，”
2066,2068,True,狐狸说，
2067,2069,True,“就是定下一个日子，
2068,2070,True,使它不同于其他的日子，
2069,2071,True,定下一个时间，
2070,2072,True,使它不同于其他的时间。
2071,2073,True,比如说，
2072,2074,True,猎人有一种仪式。
2073,2075,True,每星期四他们都和村里的姑娘跳舞。
2074,2076,True,所以呢，
2075,2077,True,星期四就是个美妙的日子！
2076,2078,True,这一天我总要到葡萄地里去转悠转悠。
2077,2079,True,要是猎人们随时跳舞，
2078,2080,True,每天不就都一模一样，
2079,2081,True,我不也就没有假期了吗？”
2080,2082,True,就这样，
2081,2083,True,小王子驯养了狐狸。
2082,2084,True,而后，
2083,2085,True,眼看分手的时刻临近了：
2084,2086,True,“哎！”
2085,2087,True,狐狸说，
2086,2088,True,“……我要哭了。”
2087,2089,True,“这可是你的不是哟，”
2088,2090,True,小王子说，
2089,2091,True,“我本来没想让你受任何伤害，
2090,2092,True,可你却要我驯养你……”
2091,2093,True,“可不是，”
2092,2094,True,狐狸说。
2093,2095,True,“不过你要哭了！”
2094,2096,True,小王子说。
2095,2097,True,“可不是，”
2096,2098,True,狐狸说。
2097,2099,True,“结果你什么好处也没得到！”
2098,2100,True,“我得到了，”
2099,2101,True,狐狸说，
2100,2102,True,“是麦田的颜色给我的。”
2101,2103,True,他随即又说：
2102,2104,True,“你再去看看那些玫瑰花吧。
2103,2105,True,你会明白你那朵玫瑰是世界上独一无二的。
2104,2106,True,然后你再回来跟我告别，
2105,2107,True,我要告诉你一个秘密作为临别礼物。”
2106,2108,True,小王子就去看那些玫瑰。
2107,2109,True,“你们根本不像我那朵玫瑰，
2108,2110,True,你们还什么都不是呢，”
2109,2111,True,他对它们说，
2110,2112,True,“谁都没驯养过你们，
2111,2113,True,你们也谁都没驯养过。
2112,2114,True,你们就像狐狸以前一样。
2113,2115,True,那时候的它，
2114,2116,True,和成千上万别的狐狸毫无两样。
2115,2117,True,可是我现在和它做了朋友，
2116,2118,True,它在世界上就是独一无二的了。”
2117,2119,True,玫瑰们都很难为情。
2118,2120,True,“你们很美，
2119,2121,True,但你们是空虚的，”
2120,2122,True,小王子接着说，
2121,2123,True,“没有人能为你们去死。
2122,2124,True,当然，
2123,2125,True,我那朵玫瑰在一个过路人眼里跟你们也一样。
2124,2126,True,然而对于我来说，
2125,2127,True,单单她这一朵，
2126,2128,True,就比你们全体都重要得多。
2127,2129,True,因为我给浇过水的是她，
2128,2130,True,我给盖过罩子的是她，
2129,2131,True,我给遮过风障的是她，
2130,2132,True,我给除过毛虫的（只把两
2131,2133,True,三条要变成蝴蝶的留下）也是她。
2132,2134,True,我听她抱怨和自诩，
2133,2135,True,有时也和她默默相对。
2134,2136,True,她，是我的玫瑰。”
2135,2137,True,说完，
2136,2138,True,他又回到狐狸跟前：
2137,2139,True,“再见了……”
2138,2140,True,他说。
2139,2141,True,“再见，”
2140,2142,True,狐狸说，
2141,2143,True,“我告诉你那个秘密，
2142,2144,True,它很简单：
2143,2145,True,只有用心才能看见。
2144,2146,True,本质的东西用眼是看不见的。”
2145,2147,True,“本质的东西用眼是看不见的，”
2146,2148,True,小王子重复了一遍，
2147,2149,True,他要记住这句话。
2148,2150,True,“正是你为你的玫瑰花费的时光，
2149,2151,True,才使你的玫瑰变得如此重要。”
2150,2152,True,“正是我为我的玫瑰花费的时光，
2151,2153,True,才使我的玫瑰变得如此重要，”
2152,2154,True,小王子说，
2153,2155,True,他要记住这句话。
2154,2156,True,“人们已经忘记了这个道理，”
2155,2157,True,狐狸说。
2156,2158,True,“但你不该忘记它。
2157,2159,True,对你驯养过的东西，
2158,2160,True,你永远负有责任。
2159,2161,True,你必须对你的玫瑰负责……”
2160,2162,True,“我必须对我的玫瑰负责……”
2161,2163,True,小王子重复一遍，
2162,2164,True,他要记住这句话。
2163,2165,True,22
2164,2166,True,“你好，”
2165,2167,True,小王子说。
2166,2168,True,“你好，”
2167,2169,True,扳道工说。
2168,2170,True,“你在这儿做什么？”
2169,2171,True,小王子问。
2170,2172,True,“我在分送旅客，
2171,2173,True,一千人一拨，”
2172,2174,True,扳道工说，
2173,2175,True,“我发送运载旅客的列车，
2174,2176,True,一会儿往右，
2175,2177,True,一会儿往左。”
2176,2178,True,说着，
2177,2179,True,一列灯火通明的快车，
2178,2180,True,像打雷似的轰鸣着驶过，
2179,2181,True,震得扳道房直打颤。
2180,2182,True,“他们好匆忙，”
2181,2183,True,小王子说，
2182,2184,True,“他们去找什么呢？”
2183,2185,True,“开火车的人自己也不知道，”
2184,2186,True,扳道工说。
2185,2187,True,说话间，
2186,2188,True,又一列灯火通明的快车，
2187,2189,True,朝相反的方向轰鸣而去。
2188,2190,True,“他们已经回来了？”
2189,2191,True,小王子问。
2190,2192,True,“不是刚才的那列，”
2191,2193,True,扳道工说，
2192,2194,True,“这是对开列车。”
2193,2195,True,“他们对原来的地方不满意吗？”
2194,2196,True,“人们对自己的地方从来不会满意，”
2195,2197,True,扳道工说。
2196,2198,True,第三列灯火通明的快车轰鸣着驶过。
2197,2199,True,“他们是去追赶第一批旅客吗？”
2198,2200,True,小王子问。
2199,2201,True,“他们没追赶谁，”
2200,2202,True,扳道工说，
2201,2203,True,“他们在里面睡觉，
2202,2204,True,或者打哈欠。
2203,2205,True,只有孩子把鼻子贴在窗上看外面。”
2204,2206,True,“只有孩子知道自己在找什么，”
2205,2207,True,小王子说，
2206,2208,True,“他们在一个布娃娃身上花了好些时间，
2207,2209,True,她对他们来说就成了很重要的东西。
2208,2210,True,要是有人夺走他们的布娃娃，
2209,2211,True,他们会哭的……”
2210,2212,True,“他们真幸运，”
2211,2213,True,扳道工说。
2212,2214,True,23
2213,2215,True,“你好，”
2214,2216,True,小王子说。
2215,2217,True,“你好，”
2216,2218,True,商人说。
2217,2219,True,他是个卖复方止渴丸的商人。
2218,2220,True,每星期只要吞服一粒，
2219,2221,True,就不会感到口渴了。
2220,2222,True,“你为什么要卖这东西？”
2221,2223,True,小王子问。
2222,2224,True,“它可以大大节约时间，”
2223,2225,True,商人说，
2224,2226,True,“专家做过计算。
2225,2227,True,每星期可以省下五十三分钟。”
2226,2228,True,“省下的五十三分钟做什么用呢？”
2227,2229,True,“随便怎么用都行……”
2228,2230,True,“我呀，”
2229,2231,True,小王子心想，
2230,2232,True,“要是我省下这五十三分钟，
2231,2233,True,我就不慌不忙地朝泉水走去……”
2232,2234,True,24
2233,2235,True,这是我降落在沙漠后的第八天，
2234,2236,True,我听着这个商人的故事，
2235,2237,True,喝完了最后一滴备用水。
2236,2238,True,“喔！”
2237,2239,True,我对小王子说，
2238,2240,True,“你的回忆很动人，
2239,2241,True,可是我飞机还没修好，
2240,2242,True,水也喝完了，
2241,2243,True,要是我能朝泉水走去，
2242,2244,True,那真是有福了！”
2243,2245,True,“我那狐狸朋友……”
2244,2246,True,他说。
2245,2247,True,“小家伙，
2246,2248,True,这可不干狐狸的事！”
2247,2249,True,“为什么？”
2248,2250,True,“因为我快要渴死了……”
2249,2251,True,他没明白我的思路，
2250,2252,True,回答我说：
2251,2253,True,“有朋友真好，
2252,2254,True,即使就要死了，
2253,2255,True,我也还是这么想。
2254,2256,True,我真高兴，
2255,2257,True,有过一个狐狸朋友……”
2256,2258,True,“他没明白情势有多凶险，”
2257,2259,True,我心想，
2258,2260,True,“他从来不知道饥渴。
2259,2261,True,只要有点阳光，
2260,2262,True,他就足够了……”
2261,2263,True,然而他注视着我，
2262,2264,True,好像知道我心里在想什么：
2263,2265,True,“我也渴……
2264,2266,True,我们去找一口井吧……”
2265,2267,True,我做了个表示厌烦的手势：
2266,2268,True,在一望无垠的沙漠中，
2267,2269,True,漫无目标地去找井，
2268,2270,True,简直是荒唐。
2269,2271,True,然而，
2270,2272,True,我们到底还是上路了。
2271,2273,True,默默地走了几个钟头以后，
2272,2274,True,夜幕降临了，
2273,2275,True,星星在天空中闪烁起来。
2274,2276,True,由于渴得厉害，
2275,2277,True,我有点发烧，
2276,2278,True,望着天上的星星，
2277,2279,True,仿佛在梦中。
2278,2280,True,小王子的话在脑海里盘旋舞蹈。
2279,2281,True,“你也渴？”
2280,2282,True,我问。
2281,2283,True,他没有回答我的问题，
2282,2284,True,只对我说：
2283,2285,True,“水对心灵也有好处……”
2284,2286,True,我没听懂他的话，
2285,2287,True,但我没作声……
2286,2288,True,我知道，
2287,2289,True,这会儿不该去问他。
2288,2290,True,他累了。
2289,2291,True,他坐了下来。
2290,2292,True,我坐在他身旁。
2291,2293,True,沉默了一会儿，
2292,2294,True,他又说：
2293,2295,True,“星星很美，
2294,2296,True,因为有一朵看不见的花儿……”
2295,2297,True,我说了声“可不是”，
2296,2298,True,就静静地注视着月光下沙漠的褶皱。
2297,2299,True,“沙漠很美，”
2298,2300,True,他又说。
2299,2301,True,没错。
2300,2302,True,我一向喜欢沙漠。
2301,2303,True,我们坐在一个沙丘上。
2302,2304,True,什么也看不见。
2303,2305,True,什么也听不见。
2304,2306,True,然而有什么东西在寂静中发出光芒……
2305,2307,True,“沙漠这么美，”
2306,2308,True,小王子说，
2307,2309,True,“是因为有个地方藏着一口井……”
2308,2310,True,我非常吃惊，
2309,2311,True,突然间明白了沙漠发光的奥秘。
2310,2312,True,我小时候住在一座老宅里，
2311,2313,True,传说宅子里埋着宝藏。
2312,2314,True,当然，
2313,2315,True,从来没人发现过这宝藏，
2314,2316,True,或许根本没人寻找过它。
2315,2317,True,但是它使整座宅子变得令人着迷。
2316,2318,True,我的宅子在心灵深处藏着一个秘密……
2317,2319,True,“对，”
2318,2320,True,我对小王子说，
2319,2321,True,“不管是宅子，
2320,2322,True,还是星星或沙漠，
2321,2323,True,使它们变美的东西，
2322,2324,True,都是看不见的！”
2323,2325,True,他笑了，
2324,2326,True,拉住吊绳，
2325,2327,True,让辘轳转起来“我很高兴，”
2326,2328,True,他说，
2327,2329,True,“你和狐狸的看法一样了。”
2328,2330,True,看小王子睡着了，
2329,2331,True,我把他抱起来，
2330,2332,True,重新上路。
2331,2333,True,我很激动。
2332,2334,True,我觉得就像捧着一件易碎的宝贝。
2333,2335,True,我甚至觉得在地球上，
2334,2336,True,再没有更娇弱的东西了。
2335,2337,True,我在月光下看着他苍白的前额，
2336,2338,True,紧闭的眼睛，
2337,2339,True,还有那随风飘动的发绺，
2338,2340,True,在心里对自己说：
2339,2341,True,“我所看到的只是外貌。
2340,2342,True,最重要的东西是看不见的……”
2341,2343,True,当他微微张开的嘴唇绽出一丝笑意时，
2342,2344,True,我又对自己说：
2343,2345,True,“在这个熟睡的小王子身上，
2344,2346,True,最让我感动的，
2345,2347,True,是他对一朵花儿的忠贞，
2346,2348,True,这朵玫瑰的影像，
2347,2349,True,即使在他睡着时，
2348,2350,True,仍然在他身上发出光芒，
2349,2351,True,就像一盏灯的火焰一样……”
2350,2352,True,这时我把他想得更加娇弱了。
2351,2353,True,应该好好保护灯火呵，
2352,2354,True,一阵风就会吹灭它……
2353,2355,True,就这样走啊走啊，
2354,2356,True,我在拂晓时发现了水井。
2355,2357,True,25
2356,2358,True,“人们挤进快车，”
2357,2359,True,小王子说，
2358,2360,True,“可是又不知道还要去寻找什么。
2359,2361,True,所以他们忙忙碌碌，
2360,2362,True,转来转去……”
2361,2363,True,他接着又说：
2362,2364,True,“其实何必呢……”
2363,2365,True,我们找到的这口井，
2364,2366,True,跟撒哈拉沙漠的那些井不一样。
2365,2367,True,那些井，
2366,2368,True,只是沙漠上挖的洞而已。
2367,2369,True,这口井很像村庄里的那种井。
2368,2370,True,可这儿根本就没有村庄呀，
2369,2371,True,我觉得自己在做梦。
2370,2372,True,“真奇怪，”
2371,2373,True,我对小王子说，
2372,2374,True,“样样都是现成的：
2373,2375,True,辘轳，水桶，吊绳……”
2374,2376,True,他笑了，
2375,2377,True,拉住吊绳，
2376,2378,True,让辘轳转起来。
2377,2379,True,辘轳咕咕作响，
2378,2380,True,就像一只吹不到风、沉
2379,2381,True,睡已久的旧风标发出的声音。
2380,2382,True,“你听见吗，”
2381,2383,True,小王子说，
2382,2384,True,“我们唤醒了这口井，
2383,2385,True,它在唱歌呢……”
2384,2386,True,我不想让他多用力气：
2385,2387,True,“让我来吧，”
2386,2388,True,我说，
2387,2389,True,“这活儿对你来说太重了。”
2388,2390,True,我把水桶缓缓地吊到井栏上，
2389,2391,True,稳稳地搁住。
2390,2392,True,辘轳的歌声还在耳边响着，
2391,2393,True,而在依然晃动着的水面上，
2392,2394,True,我瞧见太阳在晃动。
2393,2395,True,“我想喝水，”
2394,2396,True,小王子说，
2395,2397,True,“给我喝吧……”
2396,2398,True,我这时明白了他在寻找的是什么！
2397,2399,True,我把水桶举到他的嘴边。
2398,2400,True,他喝着水，
2399,2401,True,眼睛没张开。
2400,2402,True,水像节日一般美好。
2401,2403,True,它已经不只是一种维持生命的物质。
2402,2404,True,它来自星光下的跋涉，
2403,2405,True,来自辘轳的歌唱，
2404,2406,True,来自臂膀的用力。
2405,2407,True,它像礼物一样愉悦着心灵。
2406,2408,True,当我是个小男孩时，
2407,2409,True,圣诞树的灯光，
2408,2410,True,午夜弥撒的音乐，
2409,2411,True,人们甜蜜的微笑，
2410,2412,True,都曾像这样辉映着我收到的圣诞礼物，
2411,2413,True,让它熠熠发光。
2412,2414,True,“你这儿的人，”
2413,2415,True,小王子说，
2414,2416,True,“在一座花园里种出五千朵玫瑰，
2415,2417,True,却没能从中找到自己要找的东西……”
2416,2418,True,“他们是没能找到……”
2417,2419,True,我应声说。
2418,2420,True,“然而他们要找的东西，
2419,2421,True,在一朵玫瑰或者一点儿水里就能找到……”
2420,2422,True,“可不是，”
2421,2423,True,我应声说。
2422,2424,True,小王子接着说：
2423,2425,True,“但是用眼是看不见的。
2424,2426,True,得用心去找。”
2425,2427,True,我喝了水。
2426,2428,True,我痛快地呼吸着空气。
2427,2429,True,沙漠在晨曦中泛出蜂蜜的色泽。
2428,2430,True,这种蜂蜜的色泽，
2429,2431,True,也使我心头洋溢着幸福的感觉。
2430,2432,True,我为什么要难过呢……
2431,2433,True,“你该实践自己的诺言了，”
2432,2434,True,小王子柔声对我说，
2433,2435,True,他这会儿又坐在了我的身边。
2434,2436,True,“什么诺言？”
2435,2437,True,“你知道的……
2436,2438,True,给我的羊画个嘴罩……
2437,2439,True,我要对我的花儿负责！”
2438,2440,True,我从衣袋里掏出几幅画稿。
2439,2441,True,小王子瞥了一眼，
2440,2442,True,笑着说：
2441,2443,True,“你的猴面包树呀，
2442,2444,True,有点像白菜……”
2443,2445,True,“哦！”
2444,2446,True,可我还为这几棵猴面包树感到挺得意哩！
2445,2447,True,“你的狐狸……
2446,2448,True,它的耳朵……
2447,2449,True,有点像两只角……
2448,2450,True,再说也太长了！”
2449,2451,True,说着他又笑了起来。
2450,2452,True,“你不公平，小家伙，
2451,2453,True,我可就画过剖开和不剖开的蟒蛇，
2452,2454,True,别的都没学过。”
2453,2455,True,“噢！这就行了，”
2454,2456,True,他说，
2455,2457,True,“孩子们会看懂的。”
2456,2458,True,我用铅笔画了一只嘴罩。
2457,2459,True,把画递给他时，
2458,2460,True,我的心揪紧了：
2459,2461,True,“你有些什么打算，
2460,2462,True,我都不知道……”
2461,2463,True,但他没回答，
2462,2464,True,却对我说：
2463,2465,True,“你知道，
2464,2466,True,我降落到地球上……
2465,2467,True,到明天就满一年了……”
2466,2468,True,然后，
2467,2469,True,一阵静默过后，
2468,2470,True,他又说道：
2469,2471,True,“我就落在这儿附近……”
2470,2472,True,说着他的脸红了起来。
2471,2473,True,我也不知是什么原因，
2472,2474,True,只觉得又感到一阵异样的忧伤。
2473,2475,True,可是我想到了一个问题：
2474,2476,True,“这么说，
2475,2477,True,一星期前我遇见你的那个早晨，
2476,2478,True,你独自在这片荒无人烟的沙漠里走来，
2477,2479,True,并不是偶然的了？
2478,2480,True,你是要回到当初降落的地方来吧？”
2479,2481,True,小王子的脸又红了。
2480,2482,True,我有些犹豫地接着说：
2481,2483,True,“也许，
2482,2484,True,是为了周年纪念？……”
2483,2485,True,小王子脸又红了。
2484,2486,True,他往往不回答人家的问题，
2485,2487,True,但他脸一红，
2486,2488,True,就等于在说“对的”，
2487,2489,True,可不是吗？
2488,2490,True,“哎！”
2489,2491,True,我对他说，
2490,2492,True,“我怕……”
2491,2493,True,他却回答我说：
2492,2494,True,“现在你该去工作了。
2493,2495,True,你得回到你的飞机那儿去。
2494,2496,True,我在这儿等你。
2495,2497,True,明天晚上再来吧……”
2496,2498,True,可是我放心不下。
2497,2499,True,我想起了狐狸的话。
2498,2500,True,一个人要是被驯养过，
2499,2501,True,恐怕难免要哭的……
2500,2502,True,26
2501,2503,True,在水井边上，
2502,2504,True,有一堵残败的旧石墙。
2503,2505,True,第二天傍晚，
2504,2506,True,我干完活儿回来，
2505,2507,True,远远地看见小王子两腿悬空地坐在断墙上。
2506,2508,True,我还听见他在说话：
2507,2509,True,“难道你不记得了？”
2508,2510,True,他说。
2509,2511,True,“根本不是这儿！”
2510,2512,True,想必有一个声音在回答他，
2511,2513,True,只见他在反驳：
2512,2514,True,“对！对！是今天，
2513,2515,True,可不是这个地方……”
2514,2516,True,我往石墙走去。
2515,2517,True,我既没看见人影，
2516,2518,True,也没听见人声。
2517,2519,True,但是小王子又在说：
2518,2520,True,“……那当然。
2519,2521,True,在沙地上，
2520,2522,True,你会看到我的足迹从哪儿开始的。
2521,2523,True,你只要等着我就行了。
2522,2524,True,今天夜里我就去那儿。”
2523,2525,True,我离石墙只有二十米了，
2524,2526,True,可还是什么也没看见。
2525,2527,True,停了一会儿，
2526,2528,True,小王子又说道：
2527,2529,True,“你的毒液管用吗？
2528,2530,True,你有把握不会让我难受很久吗？”
2529,2531,True,我心头猛地揪紧，
2530,2532,True,停下了脚步，
2531,2533,True,可我还是什么也不明白。
2532,2534,True,“现在，来吧，”
2533,2535,True,小王子说，
2534,2536,True,“……我要下来了！”
2535,2537,True,这时，
2536,2538,True,我低头朝墙脚看去，
2537,2539,True,不由得吓了一跳！
2538,2540,True,只见一条半分钟就能叫人致命的黄蛇，
2539,2541,True,昂然竖起身子对着小王子。
2540,2542,True,我一边伸手去掏手枪，
2541,2543,True,一边撒腿往前奔去。
2542,2544,True,可是，
2543,2545,True,那条蛇听见我的声音，
2544,2546,True,就像一条水柱骤然跌落下来，
2545,2547,True,缓缓渗入沙地，
2546,2548,True,不慌不忙地钻进石缝中去，
2547,2549,True,发出轻微的金属声。
2548,2550,True,我赶到墙边，
2549,2551,True,正好接住从墙上跳下的小王子，
2550,2552,True,把这个脸色白得像雪的小家伙抱在怀里。
2551,2553,True,“这是怎么回事！
2552,2554,True,你居然跟蛇在谈话！”
2553,2555,True,我解开他一直戴着的金黄色围巾。
2554,2556,True,我用水沾湿他的太阳穴，
2555,2557,True,给他喝了点水。
2556,2558,True,可此刻我不敢再问他什么。
2557,2559,True,他神色凝重地望着我，
2558,2560,True,用双臂搂住我的脖子。
2559,2561,True,我感觉到他的心跳，
2560,2562,True,就像被枪弹击中濒临死亡的小鸟的心跳。
2561,2563,True,他对我说：
2562,2564,True,“现在，来吧，”
2563,2565,True,小王子说，
2564,2566,True,“我要下来了！”
2565,2567,True,“我很高兴，
2566,2568,True,你找到了飞机上缺少的东西。
2567,2569,True,你可以回家了……”
2568,2570,True,“你怎么知道的？”
2569,2571,True,我正想告诉他，
2570,2572,True,就在刚才，
2571,2573,True,在眼看没有希望的情况下，
2572,2574,True,我修好了飞机！
2573,2575,True,他没回答我的问题，
2574,2576,True,但接着说：
2575,2577,True,“我也一样，今天，
2576,2578,True,我要回家了……”
2577,2579,True,然后，
2578,2580,True,忧郁地说：
2579,2581,True,“那要远得多……
2580,2582,True,难得多……”
2581,2583,True,我意识到发生了一件非同寻常的事情。
2582,2584,True,我把他像小孩那样抱在怀里，
2583,2585,True,只觉得他在笔直地滑入一个深渊，
2584,2586,True,而我全然无法拉住他……
2585,2587,True,他的目光很严肃，
2586,2588,True,视线消失在很远很远的地方。
2587,2589,True,“我有你的绵羊。
2588,2590,True,我有绵羊的箱子。
2589,2591,True,还有嘴罩……”
2590,2592,True,说着，
2591,2593,True,他忧郁地微微一笑。
2592,2594,True,我等了很久。
2593,2595,True,我感到他的身子渐渐暖了起来：
2594,2596,True,“小家伙，
2595,2597,True,你受惊了……”
2596,2598,True,他刚才受惊了，
2597,2599,True,可不是！
2598,2600,True,但他轻轻地笑了起来：
2599,2601,True,“今天晚上我要受更大的惊……”
2600,2602,True,一种无法补救的感觉，
2601,2603,True,再一次使我凉到了心里。
2602,2604,True,想到从此就再也听不到他的笑声，
2603,2605,True,我感到受不了。
2604,2606,True,他的笑声对我来说，
2605,2607,True,就像沙漠中的清泉。
2606,2608,True,“小家伙，
2607,2609,True,我还想听到你咯咯地笑……”
2608,2610,True,可是他对我说：
2609,2611,True,“到今天夜里，
2610,2612,True,就是一年了。
2611,2613,True,我的星星就在我去年降落的地方顶上……”
2612,2614,True,“小家伙，蛇啊，
2613,2615,True,相约啊，星星啊，
2614,2616,True,感情只是场恶梦吧……”
2615,2617,True,可是他不回答我的问题。
2616,2618,True,他对我说：
2617,2619,True,“重要的东西是看不见的……”
2618,2620,True,“可不是……”
2619,2621,True,“这就好比花儿一样。
2620,2622,True,要是你喜欢一朵花儿，
2621,2623,True,而她在一颗星星上，
2622,2624,True,那你夜里看着天空，
2623,2625,True,就会觉得很美。
2624,2626,True,所有的星星都像开满了花儿。”
2625,2627,True,“可不是……”
2626,2628,True,“这就好比水一样。
2627,2629,True,昨天你给我喝的水，
2628,2630,True,有了那辘轳和吊绳，
2629,2631,True,就像一首乐曲……
2630,2632,True,你还记得吧……
2631,2633,True,那水真好喝。”
2632,2634,True,“可不是……”
2633,2635,True,“夜里，
2634,2636,True,你要抬头望着满天的星星。
2635,2637,True,我那颗实在太小了，
2636,2638,True,我都没法指给你看它在哪儿。
2637,2639,True,这样倒也好。
2638,2640,True,我的星星，
2639,2641,True,对你来说就是满天星星中的一颗。
2640,2642,True,所以，
2641,2643,True,你会爱这满天的星星……
2642,2644,True,所有的星星都会是你的朋友。
2643,2645,True,我还要给你一件礼物……”
2644,2646,True,他又笑了起来。
2645,2647,True,“呵！小家伙，
2646,2648,True,小家伙，
2647,2649,True,我喜欢听到这笑声！”
2648,2650,True,“这正是我的礼物……
2649,2651,True,就像那水……”
2650,2652,True,“你想说什么？”
2651,2653,True,“人们眼里的星星，
2652,2654,True,并不是一样的。
2653,2655,True,对旅行的人来说，
2654,2656,True,星星是向导。
2655,2657,True,对有些人来说，
2656,2658,True,它们只不过是天空微弱的亮光。
2657,2659,True,对另一些学者来说，
2658,2660,True,它们就是要探讨的问题。
2659,2661,True,对我那个商人来说，
2660,2662,True,它们就是金子。
2661,2663,True,但是所有这些星星都是静默的。
2662,2664,True,而你，
2663,2665,True,你的那些星星是谁也不曾见过的……”
2664,2666,True,“你想说什么呢？”
2665,2667,True,“当你在夜里望着天空时，
2666,2668,True,既然我就在其中的一颗星星上面，
2667,2669,True,既然我在其中一颗星星上笑着，
2668,2670,True,那么对你来说，
2669,2671,True,就好像满天的星星都在笑。
2670,2672,True,只有你一个人，
2671,2673,True,看见的是会笑的星星！”
2672,2674,True,说着他又笑了。
2673,2675,True,“当你感到心情平静以后（
2674,2676,True,每个人总会让自己的心情平静下来），
2675,2677,True,你会因为认识了我而感到高兴。
2676,2678,True,你会永远是我的朋友。
2677,2679,True,你会想要跟我一起笑。
2678,2680,True,有时候，
2679,2681,True,你会心念一动，
2680,2682,True,就打开窗子……
2681,2683,True,你的朋友会惊奇地看到，
2682,2684,True,你望着天空在笑。
2683,2685,True,于是你会对他们说：
2684,2686,True,‘是的，
2685,2687,True,我看见这些星星就会笑！
2686,2688,True,’他们会以为你疯了。
2687,2689,True,我给你闹了个恶作剧……”
2688,2690,True,说着他又笑了。
2689,2691,True,“这样一来，
2690,2692,True,我给你的仿佛不是星星，
2691,2693,True,而是些会笑的小铃铛……”
2692,2694,True,说着他又笑了。
2693,2695,True,随后他变得很严肃：
2694,2696,True,“今天夜里……
2695,2697,True,你知道……你不要来。”
2696,2698,True,“我决不离开你。”
2697,2699,True,“我看上去会很痛苦……
2698,2700,True,会有点像死去的样子。
2699,2701,True,就是这么回事。
2700,2702,True,你还是别看见的好，
2701,2703,True,没这必要。”
2702,2704,True,“我决不离开你。”
2703,2705,True,可是他担心起来。
2704,2706,True,“我这么说……
2705,2707,True,也是因为蛇的缘故。
2706,2708,True,你可别让它咬着了……
2707,2709,True,蛇，都是很坏的。
2708,2710,True,它们无缘无故也会咬人……”
2709,2711,True,“我决不离开你。”
2710,2712,True,不过，
2711,2713,True,他想到了什么，
2712,2714,True,又觉得放心了：
2713,2715,True,“可也是，
2714,2716,True,它们咬第二口时，
2715,2717,True,已经没有毒液了……”
2716,2718,True,当天夜里，
2717,2719,True,我没看见他起程。
2718,2720,True,他悄没声儿地走了。
2719,2721,True,我好不容易赶上他时，
2720,2722,True,他仍然执著地快步往前走。
2721,2723,True,他只是对我说：
2722,2724,True,“啊！你来了……”
2723,2725,True,说完他就拉住我的手。
2724,2726,True,可是他又感到不安起来：
2725,2727,True,“你不该来的。
2726,2728,True,你会难过的。
2727,2729,True,我看上去会像死去一样，
2728,2730,True,可那不是真的……”
2729,2731,True,我不作声。
2730,2732,True,“你是明白的。
2731,2733,True,路太远了。
2732,2734,True,我没法带走这副躯壳。
2733,2735,True,它太沉了。”
2734,2736,True,我不作声。
2735,2737,True,“可这就像一棵老树脱下的树皮。
2736,2738,True,脱下一层树皮，
2737,2739,True,是用不着伤心的……”
2738,2740,True,我不作声。
2739,2741,True,他有点气馁。
2740,2742,True,但他重又打起精神：
2741,2743,True,“你知道，这样挺好。
2742,2744,True,我也会望着满天星星的。
2743,2745,True,每颗星星都会有一个生锈辘轳的水井。
2744,2746,True,所有的星星都会倒水给我喝……”
2745,2747,True,我不作声。
2746,2748,True,“这真是太有趣了！
2747,2749,True,你有五亿个铃铛，
2748,2750,True,我有五亿个水井……”
2749,2751,True,他也不作声了，
2750,2752,True,因为他哭了……
2751,2753,True,“到了。
2752,2754,True,让我独自跨出一步吧。”
2753,2755,True,说着他坐了下来，
2754,2756,True,因为他害怕。
2755,2757,True,他又说：
2756,2758,True,“你知道……
2757,2759,True,我的花儿……
2758,2760,True,我对她负有责任！
2759,2761,True,她是那么柔弱！
2760,2762,True,她是那么天真。
2761,2763,True,她只有四根微不足道的刺，
2762,2764,True,用来抵御整个世界……”
2763,2765,True,我也坐下，
2764,2766,True,因为我没法再站着了。
2765,2767,True,他说：
2766,2768,True,“好了……
2767,2769,True,没别的要说了……”
2768,2770,True,他稍微犹豫了一下，
2769,2771,True,随即站了起来。
2770,2772,True,他往前跨出了一步，
2771,2773,True,而我却动弹不得。
2772,2774,True,只见他的脚踝边上闪过一道黄光。
2773,2775,True,片刻间他一动不动。
2774,2776,True,他没有叫喊。
2775,2777,True,他像一棵树那样缓缓地倒下。
2776,2778,True,由于是沙地，
2777,2779,True,甚至都没有一点声响。
2778,2780,True,27
2779,2781,True,现在，
2780,2782,True,当然，
2781,2783,True,已经过去六年了……
2782,2784,True,我还从来没跟人讲过这个故事。
2783,2785,True,同伴们看见我活着回来，
2784,2786,True,都很高兴。
2785,2787,True,我很忧伤，
2786,2788,True,但我对他们说：
2787,2789,True,“我累了……”
2788,2790,True,现在我的心情有点平静了。
2789,2791,True,也就是说……
2790,2792,True,还没有完全平静。
2791,2793,True,而我知道，
2792,2794,True,他已经回到了他的星球，
2793,2795,True,因为那天天亮以后，
2794,2796,True,我没发现他的躯体。
2795,2797,True,他的躯体并不太沉……
2796,2798,True,我喜欢在夜里倾听星星的声音。
2797,2799,True,它们就像五亿个铃铛。
2798,2800,True,可是，
2799,2801,True,我想到有件事出了意外。
2800,2802,True,我给小王子画的嘴罩，
2801,2803,True,忘了加上皮带！
2802,2804,True,他没法把它系在绵羊嘴上了。
2803,2805,True,于是我一直在想：
2804,2806,True,“在他的星球上到底会发生什么事呢？
2805,2807,True,说不定绵羊真的把花儿给吃了……”
2806,2808,True,有时我对自己说：
2807,2809,True,“肯定不会！
2808,2810,True,小王子每天夜里给花儿盖上玻璃罩，
2809,2811,True,再说他也会仔细看好绵羊的……”
2810,2812,True,于是我感到很幸福。
2811,2813,True,满天的星星轻轻地笑着。
2812,2814,True,有时我对自己说：
2813,2815,True,“万一有个疏忽，
2814,2816,True,那就全完了！
2815,2817,True,没准哪天晚上，
2816,2818,True,他忘了盖玻璃罩，
2817,2819,True,或者绵羊在夜里悄悄钻了出来……”
2818,2820,True,于是满天的铃铛全都变成了泪珠！…
2819,2821,True,这可是一个很大很大的秘密哟。
2820,2822,True,对于也爱着小王子的你们，
2821,2823,True,就像对于我一样，
2822,2824,True,要是在我们不知道的哪个地方，
2823,2825,True,有一只我们从没见过的绵羊，
2824,2826,True,吃掉了或者没有吃掉一朵玫瑰，
2825,2827,True,整个宇宙就会完全不一样……
2826,2828,True,你们望着天空，
2827,2829,True,想一想：
2828,2830,True,绵羊到底有没有吃掉花儿？
2829,2831,True,你们就会看到一切都变了样……
2830,2832,True,而没有一个大人懂得这有多重要呵！
2831,2833,True,对我来说，
2832,2834,True,这是世界上最美丽、最伤感的景色。
2833,2835,True,它跟前一页上画的是同一个景色，
2834,2836,True,而我之所以再画一遍，
2835,2837,True,是为了让你们看清这景色。
2836,2838,True,就是在这儿，
2837,2839,True,小王子在地球上出现，
2838,2840,True,而后又消失。
2839,2841,True,请仔细看看这景色，
2840,2842,True,如果有一天你们到非洲沙漠去旅行，
2841,2843,True,就肯定能认出它来。
2842,2844,True,而要是你们有机会路过那儿，
2843,2845,True,请千万别匆匆走过，
2844,2846,True,请在那颗星星下面等上一会儿！
2845,2847,True,如果这时有个孩子向你们走来，
2846,2848,True,如果他在笑，
2847,2849,True,如果他的头发是金黄色的，
2848,2850,True,如果问他而他不回答，
2849,2851,True,你们一定能猜到他是谁了。
2850,2852,True,那么就请你们做件好事吧！
2851,2853,True,请别让我再这么忧伤：
2852,2854,True,赶快写信告诉我，
